"login_log_id","user_id","result","attempt","logged_at","logout_at"
3,1,true,3,2026-01-01 09:06:55.942,2026-01-01 11:37:30.892
4,2,true,1,2026-01-01 12:23:22.204,2026-01-01 14:43:33.309
6,3,true,2,2026-01-01 17:40:17.890,2026-01-01 17:45:31.702
9,1,true,3,2026-01-02 10:10:32.177,2026-01-02 11:45:44.730
10,2,true,1,2026-01-02 12:47:29.386,2026-01-02 14:47:44.837
12,3,true,2,2026-01-02 16:12:38.083,2026-01-02 17:49:49.039
13,1,true,1,2026-01-05 09:20:03.990,2026-01-05 11:46:46.076
16,2,true,3,2026-01-05 13:49:11.388,2026-01-05 14:53:23.608
17,3,true,1,2026-01-05 16:22:10.634,2026-01-05 17:36:54.316
18,1,true,1,2026-01-06 09:20:18.448,2026-01-06 11:46:09.934
19,2,true,1,2026-01-06 14:30:22.205,2026-01-06 14:38:53.601
20,3,true,1,2026-01-06 17:36:54.503,2026-01-06 17:45:50.302
23,1,true,3,2026-01-07 11:15:38.481,2026-01-07 11:43:06.195
26,2,true,3,2026-01-07 14:12:36.136,2026-01-07 14:36:54.495
29,3,true,3,2026-01-07 16:30:21.558,2026-01-07 17:53:49.248
31,1,true,2,2026-01-08 10:25:46.797,2026-01-08 11:52:38.193
32,2,true,1,2026-01-08 13:02:17.411,2026-01-08 14:45:41.238
34,3,true,2,2026-01-08 15:30:27.542,2026-01-08 17:48:41.646
36,1,true,2,2026-01-09 11:12:18.830,2026-01-09 11:41:51.302
39,2,true,3,2026-01-09 14:08:05.872,2026-01-09 14:50:37.517
42,3,true,3,2026-01-09 17:42:18.510,2026-01-09 17:54:21.089
45,1,true,3,2026-01-12 10:17:20.185,2026-01-12 11:47:14.921
47,2,true,2,2026-01-12 14:04:36.592,2026-01-12 14:42:23.463
48,3,true,1,2026-01-12 16:55:08.081,2026-01-12 17:42:44.854
49,1,true,1,2026-01-13 10:05:36.422,2026-01-13 11:53:03.531
50,2,true,1,2026-01-13 13:06:22.036,2026-01-13 14:43:08.408
53,3,true,3,2026-01-13 16:30:00.192,2026-01-13 17:45:20.602
55,1,true,2,2026-01-14 10:02:30.203,2026-01-14 11:49:47.792
58,2,true,3,2026-01-14 12:24:30.634,2026-01-14 14:43:21.470
59,3,true,1,2026-01-14 16:01:08.248,2026-01-14 17:37:56.237
60,1,true,1,2026-01-15 11:09:44.521,2026-01-15 11:44:53.687
63,2,true,3,2026-01-15 13:39:20.625,2026-01-15 14:42:40.726
64,3,true,1,2026-01-15 15:19:55.998,2026-01-15 17:36:45.423
65,1,true,1,2026-01-16 09:56:24.595,2026-01-16 11:47:12.316
67,2,true,2,2026-01-16 14:19:10.551,2026-01-16 14:47:22.227
70,3,true,3,2026-01-16 16:59:45.398,2026-01-16 17:42:38.031
72,1,true,2,2026-01-19 09:55:37.600,2026-01-19 11:48:14.461
75,2,true,3,2026-01-19 12:44:02.158,2026-01-19 14:50:42.922
78,3,true,3,2026-01-19 15:28:29.266,2026-01-19 17:43:01.296
81,1,true,3,2026-01-20 09:36:05.958,2026-01-20 11:43:56.235
82,2,true,1,2026-01-20 12:17:24.238,2026-01-20 14:42:55.260
85,3,true,3,2026-01-20 15:39:19.377,2026-01-20 17:49:25.428
87,1,true,2,2026-01-21 09:47:39.107,2026-01-21 11:43:55.199
89,2,true,2,2026-01-21 14:07:09.089,2026-01-21 14:50:18.685
91,3,true,2,2026-01-21 17:32:38.459,2026-01-21 17:46:13.974
94,1,true,3,2026-01-22 11:23:16.894,2026-01-22 11:48:46.308
97,2,true,3,2026-01-22 13:45:42.229,2026-01-22 14:48:43.358
100,3,true,3,2026-01-22 16:20:38.706,2026-01-22 17:40:16.154
103,1,true,3,2026-01-23 09:20:22.113,2026-01-23 11:53:48.073
104,2,true,1,2026-01-23 13:58:41.885,2026-01-23 14:42:16.099
107,3,true,3,2026-01-23 15:25:26.808,2026-01-23 17:42:26.367
110,1,true,3,2026-01-26 10:46:27.701,2026-01-26 11:54:31.236
113,2,true,3,2026-01-26 13:10:11.352,2026-01-26 14:46:59.705
115,3,true,2,2026-01-26 16:08:26.938,2026-01-26 17:37:25.624
118,1,true,3,2026-01-27 10:44:13.575,2026-01-27 11:42:44.105
121,2,true,3,2026-01-27 12:57:17.735,2026-01-27 14:37:14.319
123,3,true,2,2026-01-27 15:41:42.069,2026-01-27 17:38:59.633
126,1,true,3,2026-01-28 09:37:26.727,2026-01-28 11:52:04.070
129,2,true,3,2026-01-28 14:16:00.089,2026-01-28 14:41:25.719
132,3,true,3,2026-01-28 16:47:12.746,2026-01-28 17:45:06.910
134,1,true,2,2026-01-29 11:30:03.940,2026-01-29 11:45:40.635
136,2,true,2,2026-01-29 12:52:23.482,2026-01-29 14:51:56.800
137,3,true,1,2026-01-29 17:14:36.686,2026-01-29 17:48:28.258
138,1,true,1,2026-01-30 09:45:39.677,2026-01-30 11:36:35.622
139,2,true,1,2026-01-30 13:33:57.873,2026-01-30 14:45:10.505
140,3,true,1,2026-01-30 15:30:26.059,2026-01-30 17:41:29.533
143,1,true,3,2026-02-02 09:50:44.998,2026-02-02 11:45:29.629
146,2,true,3,2026-02-02 12:35:31.056,2026-02-02 14:35:52.563
149,3,true,3,2026-02-02 15:35:43.220,2026-02-02 17:43:41.551
150,1,true,1,2026-02-03 09:23:57.284,2026-02-03 11:46:13.483
152,2,true,2,2026-02-03 12:47:20.813,2026-02-03 14:45:10.859
155,3,true,3,2026-02-03 15:26:08.759,2026-02-03 17:35:36.197
156,1,true,1,2026-02-04 10:07:04.289,2026-02-04 11:38:21.172
158,2,true,2,2026-02-04 13:34:53.851,2026-02-04 14:49:19.885
161,3,true,3,2026-02-04 17:17:00.907,2026-02-04 17:44:13.841
164,1,true,3,2026-02-05 11:03:26.864,2026-02-05 11:40:41.194
167,2,true,3,2026-02-05 14:09:04.423,2026-02-05 14:46:10.314
168,3,true,1,2026-02-05 15:37:08.710,2026-02-05 17:37:03.842
171,1,true,3,2026-02-06 09:37:02.252,2026-02-06 11:53:03.596
174,2,true,3,2026-02-06 13:06:43.403,2026-02-06 14:41:46.951
175,3,true,1,2026-02-06 16:45:44.289,2026-02-06 17:39:24.080
177,1,true,2,2026-02-09 10:35:00.543,2026-02-09 11:47:24.011
180,2,true,3,2026-02-09 13:45:39.492,2026-02-09 14:54:33.541
183,3,true,3,2026-02-09 15:44:01.485,2026-02-09 17:53:30.813
186,1,true,3,2026-02-10 11:19:53.843,2026-02-10 11:43:30.534
188,2,true,2,2026-02-10 12:48:30.786,2026-02-10 14:42:01.925
190,3,true,2,2026-02-10 16:47:51.875,2026-02-10 17:51:14.782
193,1,true,3,2026-02-11 09:30:51.090,2026-02-11 11:40:15.522
196,2,true,3,2026-02-11 12:08:05.089,2026-02-11 14:48:12.120
198,3,true,2,2026-02-11 16:07:28.961,2026-02-11 17:52:23.092
199,1,true,1,2026-02-12 11:41:32.266,2026-02-12 11:54:07.489
200,2,true,1,2026-02-12 13:30:36.330,2026-02-12 14:52:54.030
203,3,true,3,2026-02-12 16:25:47.205,2026-02-12 17:38:08.513
206,1,true,3,2026-02-13 10:05:25.067,2026-02-13 11:53:28.652
209,2,true,3,2026-02-13 12:19:01.930,2026-02-13 14:38:36.163
212,3,true,3,2026-02-13 17:31:56.087,2026-02-13 17:43:19.852
215,1,true,3,2026-02-16 11:09:52.347,2026-02-16 11:40:54.106
218,2,true,3,2026-02-16 12:22:58.708,2026-02-16 14:37:37.389
221,3,true,3,2026-02-16 17:10:31.750,2026-02-16 17:46:42.082
222,1,true,1,2026-02-17 09:50:41.472,2026-02-17 11:51:39.878
225,2,true,3,2026-02-17 14:31:03.601,2026-02-17 14:49:24.017
228,3,true,3,2026-02-17 15:27:30.892,2026-02-17 17:45:39.617
229,1,true,1,2026-02-18 09:11:43.991,2026-02-18 11:53:58.544
230,2,true,1,2026-02-18 14:18:07.709,2026-02-18 14:40:21.745
233,3,true,3,2026-02-18 16:27:51.639,2026-02-18 17:43:54.948
236,1,true,3,2026-02-19 10:53:19.464,2026-02-19 11:48:24.913
239,2,true,3,2026-02-19 14:31:25.524,2026-02-19 14:48:34.917
241,3,true,2,2026-02-19 15:57:07.260,2026-02-19 17:46:13.197
244,1,true,3,2026-02-20 11:30:04.005,2026-02-20 11:44:10.088
245,2,true,1,2026-02-20 12:40:11.847,2026-02-20 14:35:38.432
248,3,true,3,2026-02-20 16:11:07.089,2026-02-20 17:52:55.365
251,1,true,3,2026-02-23 11:08:32.719,2026-02-23 11:50:58.599
254,2,true,3,2026-02-23 12:29:53.432,2026-02-23 14:50:37.290
255,3,true,1,2026-02-23 16:15:18.020,2026-02-23 17:48:18.868
256,1,true,1,2026-02-24 09:15:53.601,2026-02-24 11:53:10.205
257,2,true,1,2026-02-24 12:15:09.497,2026-02-24 14:45:51.992
258,3,true,1,2026-02-24 16:56:40.026,2026-02-24 17:49:32.000
259,1,true,1,2026-02-25 09:24:34.922,2026-02-25 11:44:08.165
261,2,true,2,2026-02-25 12:57:06.178,2026-02-25 14:44:35.111
264,3,true,3,2026-02-25 16:35:41.834,2026-02-25 17:44:34.799
265,1,true,1,2026-02-26 10:28:11.788,2026-02-26 11:43:09.849
268,2,true,3,2026-02-26 12:32:47.752,2026-02-26 14:47:52.493
271,3,true,3,2026-02-26 17:06:01.652,2026-02-26 17:39:58.074
272,1,true,1,2026-02-27 09:25:26.699,2026-02-27 11:50:19.025
273,2,true,1,2026-02-27 13:19:33.054,2026-02-27 14:46:23.586
274,3,true,1,2026-02-27 16:59:35.447,2026-02-27 17:35:36.446
275,1,true,1,2026-03-02 09:33:26.320,2026-03-02 11:49:01.859
277,2,true,2,2026-03-02 12:18:28.722,2026-03-02 14:48:50.617
278,3,true,1,2026-03-02 17:01:30.673,2026-03-02 17:50:11.493
281,1,true,3,2026-03-03 11:28:34.526,2026-03-03 11:35:39.048
284,2,true,3,2026-03-03 13:34:30.184,2026-03-03 14:54:15.244
286,3,true,2,2026-03-03 16:27:17.361,2026-03-03 17:53:41.772
287,1,true,1,2026-03-04 09:17:41.321,2026-03-04 11:43:51.560
290,2,true,3,2026-03-04 12:51:45.808,2026-03-04 14:48:11.320
293,3,true,3,2026-03-04 17:09:52.190,2026-03-04 17:48:33.775
295,1,true,2,2026-03-05 09:33:33.844,2026-03-05 11:54:35.058
298,2,true,3,2026-03-05 13:55:13.457,2026-03-05 14:52:29.211
299,3,true,1,2026-03-05 17:30:42.542,2026-03-05 17:40:54.404
300,1,true,1,2026-03-06 09:26:43.597,2026-03-06 11:49:05.722
302,2,true,2,2026-03-06 12:15:01.862,2026-03-06 14:44:44.009
305,3,true,3,2026-03-06 15:31:17.727,2026-03-06 17:53:52.732
306,1,true,1,2026-03-09 10:49:36.642,2026-03-09 11:40:13.024
309,2,true,3,2026-03-09 12:53:21.535,2026-03-09 14:43:02.208
312,3,true,3,2026-03-09 16:53:37.924,2026-03-09 17:53:15.398
315,1,true,3,2026-03-10 11:01:34.621,2026-03-10 11:47:56.417
318,2,true,3,2026-03-10 12:22:24.769,2026-03-10 14:52:56.487
319,3,true,1,2026-03-10 17:13:06.102,2026-03-10 17:38:43.148
321,1,true,2,2026-03-11 09:58:07.820,2026-03-11 11:41:27.469
324,2,true,3,2026-03-11 12:32:01.850,2026-03-11 14:40:18.406
325,3,true,1,2026-03-11 15:13:27.542,2026-03-11 17:47:50.304
326,1,true,1,2026-03-12 11:09:49.374,2026-03-12 11:39:20.828
329,2,true,3,2026-03-12 14:07:01.898,2026-03-12 14:36:45.960
331,3,true,2,2026-03-12 16:57:40.837,2026-03-12 17:40:49.314
333,1,true,2,2026-03-13 10:23:31.220,2026-03-13 11:41:33.625
334,2,true,1,2026-03-13 14:22:00.719,2026-03-13 14:51:49.293
335,3,true,1,2026-03-13 15:55:33.049,2026-03-13 17:35:21.703
338,1,true,3,2026-03-16 09:27:33.331,2026-03-16 11:41:49.022
339,2,true,1,2026-03-16 13:49:27.945,2026-03-16 14:46:16.653
340,3,true,1,2026-03-16 15:21:35.663,2026-03-16 17:36:32.604
341,1,true,1,2026-03-17 09:07:55.440,2026-03-17 11:48:09.554
344,2,true,3,2026-03-17 14:24:08.861,2026-03-17 14:53:44.962
346,3,true,2,2026-03-17 15:44:36.107,2026-03-17 17:47:56.059
347,1,true,1,2026-03-18 10:26:45.923,2026-03-18 11:51:31.416
349,2,true,2,2026-03-18 14:08:47.696,2026-03-18 14:40:08.249
352,3,true,3,2026-03-18 15:19:59.989,2026-03-18 17:46:40.695
353,1,true,1,2026-03-19 09:30:52.868,2026-03-19 11:38:08.858
355,2,true,2,2026-03-19 13:22:47.790,2026-03-19 14:47:02.537
357,3,true,2,2026-03-19 16:48:02.037,2026-03-19 17:51:51.900
359,1,true,2,2026-03-20 09:37:49.399,2026-03-20 11:45:41.598
362,2,true,3,2026-03-20 12:09:29.740,2026-03-20 14:42:36.676
365,3,true,3,2026-03-20 15:20:52.530,2026-03-20 17:45:57.031
368,1,true,3,2026-03-23 09:36:24.534,2026-03-23 11:49:43.655
370,2,true,2,2026-03-23 14:38:11.743,2026-03-23 14:53:23.130
373,3,true,3,2026-03-23 17:07:21.757,2026-03-23 17:45:18.382
376,1,true,3,2026-03-24 11:21:46.440,2026-03-24 11:37:48.125
379,2,true,3,2026-03-24 12:15:18.260,2026-03-24 14:50:23.699
380,3,true,1,2026-03-24 15:15:00.188,2026-03-24 17:42:13.118
382,1,true,2,2026-03-25 10:04:12.212,2026-03-25 11:48:12.280
384,2,true,2,2026-03-25 12:42:36.918,2026-03-25 14:50:54.972
385,3,true,1,2026-03-25 15:38:43.999,2026-03-25 17:40:10.817
387,1,true,2,2026-03-26 11:21:36.643,2026-03-26 11:46:53.689
390,2,true,3,2026-03-26 13:26:28.806,2026-03-26 14:51:03.557
393,3,true,3,2026-03-26 15:39:33.277,2026-03-26 17:47:47.307
396,1,true,3,2026-03-27 09:39:12.190,2026-03-27 11:50:01.714
399,2,true,3,2026-03-27 14:24:03.701,2026-03-27 14:42:11.837
401,3,true,2,2026-03-27 15:55:55.514,2026-03-27 17:44:46.072
404,1,true,3,2026-03-30 11:09:07.741,2026-03-30 11:48:09.487
407,2,true,3,2026-03-30 13:59:59.529,2026-03-30 14:36:58.137
409,3,true,2,2026-03-30 15:55:55.738,2026-03-30 17:46:05.732
410,1,true,1,2026-03-31 09:24:27.507,2026-03-31 11:51:54.738
413,2,true,3,2026-03-31 13:02:54.458,2026-03-31 14:42:17.031
414,3,true,1,2026-03-31 16:29:38.773,2026-03-31 17:51:32.602
417,1,true,3,2026-01-01 10:42:02.987,2026-01-01 11:40:37.554
420,2,true,3,2026-01-01 14:35:51.090,2026-01-01 14:47:35.372
423,3,true,3,2026-01-01 15:18:16.598,2026-01-01 17:37:10.621
426,1,true,3,2026-01-02 10:21:41.243,2026-01-02 11:52:05.122
428,2,true,2,2026-01-02 12:15:01.147,2026-01-02 14:48:36.876
429,3,true,1,2026-01-02 17:22:22.222,2026-01-02 17:35:17.388
432,1,true,3,2026-01-05 09:28:19.797,2026-01-05 11:52:19.728
434,2,true,2,2026-01-05 12:32:15.830,2026-01-05 14:41:26.530
437,3,true,3,2026-01-05 15:18:20.888,2026-01-05 17:36:10.189
440,1,true,3,2026-01-06 10:22:06.556,2026-01-06 11:36:39.055
443,2,true,3,2026-01-06 12:20:55.360,2026-01-06 14:46:17.195
444,3,true,1,2026-01-06 16:11:25.880,2026-01-06 17:53:05.809
447,1,true,3,2026-01-07 09:48:21.186,2026-01-07 11:52:41.959
450,2,true,3,2026-01-07 13:20:15.135,2026-01-07 14:41:53.648
453,3,true,3,2026-01-07 16:11:34.194,2026-01-07 17:40:31.350
455,1,true,2,2026-01-08 09:13:47.369,2026-01-08 11:42:09.666
457,2,true,2,2026-01-08 13:20:34.393,2026-01-08 14:52:58.630
458,3,true,1,2026-01-08 16:57:46.983,2026-01-08 17:47:47.205
461,1,true,3,2026-01-09 09:10:53.507,2026-01-09 11:38:05.517
464,2,true,3,2026-01-09 13:59:01.085,2026-01-09 14:51:33.778
467,3,true,3,2026-01-09 16:28:02.480,2026-01-09 17:36:15.559
470,1,true,3,2026-01-12 11:12:28.875,2026-01-12 11:35:40.248
473,2,true,3,2026-01-12 14:04:03.765,2026-01-12 14:39:55.025
475,3,true,2,2026-01-12 17:20:04.439,2026-01-12 17:47:14.403
478,1,true,3,2026-01-13 11:05:48.502,2026-01-13 11:46:13.150
479,2,true,1,2026-01-13 12:59:06.239,2026-01-13 14:35:31.033
481,3,true,2,2026-01-13 15:39:49.476,2026-01-13 17:42:09.912
484,1,true,3,2026-01-14 10:34:25.689,2026-01-14 11:38:35.326
486,2,true,2,2026-01-14 13:21:51.549,2026-01-14 14:41:22.763
487,3,true,1,2026-01-14 16:23:55.913,2026-01-14 17:54:05.434
490,1,true,3,2026-01-15 09:33:50.565,2026-01-15 11:35:21.035
491,2,true,1,2026-01-15 12:56:56.439,2026-01-15 14:47:28.157
494,3,true,3,2026-01-15 16:33:17.053,2026-01-15 17:45:30.888
497,1,true,3,2026-01-16 10:08:51.606,2026-01-16 11:35:33.224
500,2,true,3,2026-01-16 14:34:44.145,2026-01-16 14:51:05.659
503,3,true,3,2026-01-16 16:16:20.209,2026-01-16 17:40:16.294
506,1,true,3,2026-01-19 09:29:31.940,2026-01-19 11:48:31.126
507,2,true,1,2026-01-19 13:07:18.210,2026-01-19 14:38:28.557
509,3,true,2,2026-01-19 16:10:49.392,2026-01-19 17:44:54.151
512,1,true,3,2026-01-20 09:49:34.604,2026-01-20 11:51:37.846
513,2,true,1,2026-01-20 13:09:01.641,2026-01-20 14:49:11.397
516,3,true,3,2026-01-20 16:05:32.926,2026-01-20 17:53:51.717
518,1,true,2,2026-01-21 10:45:45.221,2026-01-21 11:39:50.240
519,2,true,1,2026-01-21 14:07:31.139,2026-01-21 14:53:53.070
521,3,true,2,2026-01-21 15:51:14.257,2026-01-21 17:54:40.980
524,1,true,3,2026-01-22 09:27:16.104,2026-01-22 11:43:52.360
527,2,true,3,2026-01-22 13:22:26.886,2026-01-22 14:47:42.043
530,3,true,3,2026-01-22 17:18:54.255,2026-01-22 17:49:33.998
532,1,true,2,2026-01-23 09:30:50.802,2026-01-23 11:43:13.151
535,2,true,3,2026-01-23 12:57:27.733,2026-01-23 14:35:38.390
536,3,true,1,2026-01-23 17:21:56.759,2026-01-23 17:37:46.664
539,1,true,3,2026-01-26 10:23:37.859,2026-01-26 11:39:07.264
542,2,true,3,2026-01-26 12:14:24.163,2026-01-26 14:43:35.925
545,3,true,3,2026-01-26 15:17:28.557,2026-01-26 17:54:08.654
546,1,true,1,2026-01-27 10:41:30.793,2026-01-27 11:45:43.721
549,2,true,3,2026-01-27 13:25:15.530,2026-01-27 14:50:03.229
550,3,true,1,2026-01-27 15:49:09.565,2026-01-27 17:38:31.583
553,1,true,3,2026-01-28 10:16:04.405,2026-01-28 11:41:32.860
556,2,true,3,2026-01-28 13:20:47.783,2026-01-28 14:48:00.891
557,3,true,1,2026-01-28 15:21:29.618,2026-01-28 17:51:25.068
560,1,true,3,2026-01-29 09:26:18.678,2026-01-29 11:51:27.310
563,2,true,3,2026-01-29 14:14:13.466,2026-01-29 14:38:57.182
564,3,true,1,2026-01-29 16:39:26.884,2026-01-29 17:51:46.706
565,1,true,1,2026-01-30 11:31:29.022,2026-01-30 11:39:41.874
566,2,true,1,2026-01-30 14:06:31.258,2026-01-30 14:45:04.237
567,3,true,1,2026-01-30 16:09:31.567,2026-01-30 17:38:48.401
570,1,true,3,2026-02-02 09:29:31.703,2026-02-02 11:54:39.108
573,2,true,3,2026-02-02 13:31:18.225,2026-02-02 14:36:11.166
576,3,true,3,2026-02-02 15:48:49.260,2026-02-02 17:41:05.516
579,1,true,3,2026-02-03 10:11:20.386,2026-02-03 11:38:31.102
582,2,true,3,2026-02-03 13:41:31.653,2026-02-03 14:50:19.603
584,3,true,2,2026-02-03 16:52:45.643,2026-02-03 17:52:31.947
587,1,true,3,2026-02-04 09:21:43.677,2026-02-04 11:48:41.717
590,2,true,3,2026-02-04 12:48:52.517,2026-02-04 14:53:30.456
591,3,true,1,2026-02-04 15:18:56.763,2026-02-04 17:35:53.913
592,1,true,1,2026-02-05 10:41:02.499,2026-02-05 11:37:25.727
595,2,true,3,2026-02-05 14:45:01.476,2026-02-05 14:53:13.625
598,3,true,3,2026-02-05 16:38:15.772,2026-02-05 17:38:21.154
601,1,true,3,2026-02-06 09:15:39.573,2026-02-06 11:41:52.094
604,2,true,3,2026-02-06 12:44:49.513,2026-02-06 14:35:33.044
607,3,true,3,2026-02-06 16:27:12.643,2026-02-06 17:36:57.216
608,1,true,1,2026-02-09 09:39:18.614,2026-02-09 11:47:46.078
609,2,true,1,2026-02-09 14:17:36.454,2026-02-09 14:37:52.936
612,3,true,3,2026-02-09 17:27:04.347,2026-02-09 17:53:42.166
613,1,true,1,2026-02-10 11:21:24.497,2026-02-10 11:46:21.478
616,2,true,3,2026-02-10 14:14:42.491,2026-02-10 14:53:46.134
618,3,true,2,2026-02-10 17:06:26.405,2026-02-10 17:43:23.051
621,1,true,3,2026-02-11 10:56:51.620,2026-02-11 11:52:17.287
624,2,true,3,2026-02-11 12:58:02.460,2026-02-11 14:48:57.702
627,3,true,3,2026-02-11 17:15:18.711,2026-02-11 17:41:55.422
628,1,true,1,2026-02-12 10:45:05.514,2026-02-12 11:44:25.069
629,2,true,1,2026-02-12 13:45:35.734,2026-02-12 14:47:29.482
632,3,true,3,2026-02-12 15:42:04.783,2026-02-12 17:51:31.621
633,1,true,1,2026-02-13 11:03:13.034,2026-02-13 11:44:01.107
634,2,true,1,2026-02-13 12:20:03.303,2026-02-13 14:37:12.084
635,3,true,1,2026-02-13 15:45:29.763,2026-02-13 17:49:16.851
638,1,true,3,2026-02-16 10:49:35.369,2026-02-16 11:38:18.290
639,2,true,1,2026-02-16 13:59:26.102,2026-02-16 14:53:28.745
640,3,true,1,2026-02-16 17:02:59.025,2026-02-16 17:49:01.819
641,1,true,1,2026-02-17 09:34:47.599,2026-02-17 11:39:55.458
643,2,true,2,2026-02-17 14:15:39.035,2026-02-17 14:53:35.558
645,3,true,2,2026-02-17 16:41:19.087,2026-02-17 17:42:35.772
647,1,true,2,2026-02-18 11:29:44.679,2026-02-18 11:36:25.296
650,2,true,3,2026-02-18 13:56:55.975,2026-02-18 14:53:45.525
652,3,true,2,2026-02-18 16:33:47.566,2026-02-18 17:44:22.120
653,1,true,1,2026-02-19 10:55:16.129,2026-02-19 11:40:35.575
656,2,true,3,2026-02-19 12:44:42.028,2026-02-19 14:45:11.338
657,3,true,1,2026-02-19 17:11:29.960,2026-02-19 17:54:24.874
660,1,true,3,2026-02-20 09:30:18.498,2026-02-20 11:36:57.669
663,2,true,3,2026-02-20 14:27:42.091,2026-02-20 14:43:56.394
666,3,true,3,2026-02-20 15:26:31.340,2026-02-20 17:40:48.825
667,1,true,1,2026-02-23 10:18:04.630,2026-02-23 11:52:59.202
668,2,true,1,2026-02-23 14:14:07.831,2026-02-23 14:53:08.541
671,3,true,3,2026-02-23 17:22:33.299,2026-02-23 17:45:55.251
674,1,true,3,2026-02-24 10:00:00.350,2026-02-24 11:52:49.205
675,2,true,1,2026-02-24 12:38:10.930,2026-02-24 14:39:43.444
676,3,true,1,2026-02-24 15:15:54.658,2026-02-24 17:50:48.039
679,1,true,3,2026-02-25 09:52:00.148,2026-02-25 11:54:33.196
682,2,true,3,2026-02-25 12:49:37.603,2026-02-25 14:40:15.352
683,3,true,1,2026-02-25 15:12:12.882,2026-02-25 17:40:30.094
686,1,true,3,2026-02-26 11:22:43.147,2026-02-26 11:50:39.343
689,2,true,3,2026-02-26 13:36:44.121,2026-02-26 14:54:26.552
691,3,true,2,2026-02-26 15:28:45.345,2026-02-26 17:38:16.301
694,1,true,3,2026-02-27 09:41:08.890,2026-02-27 11:49:08.970
695,2,true,1,2026-02-27 13:03:30.144,2026-02-27 14:38:40.906
696,3,true,1,2026-02-27 15:54:34.027,2026-02-27 17:48:52.227
697,1,true,1,2026-03-02 09:56:04.044,2026-03-02 11:47:52.989
699,2,true,2,2026-03-02 14:16:12.582,2026-03-02 14:49:34.116
702,3,true,3,2026-03-02 16:10:26.086,2026-03-02 17:41:53.184
705,1,true,3,2026-03-03 10:18:50.096,2026-03-03 11:47:06.171
708,2,true,3,2026-03-03 13:59:55.538,2026-03-03 14:39:18.490
710,3,true,2,2026-03-03 16:52:53.703,2026-03-03 17:50:23.079
713,1,true,3,2026-03-04 09:36:45.139,2026-03-04 11:53:25.333
716,2,true,3,2026-03-04 14:13:49.551,2026-03-04 14:35:53.976
719,3,true,3,2026-03-04 15:38:27.332,2026-03-04 17:47:49.887
720,1,true,1,2026-03-05 11:21:37.139,2026-03-05 11:47:44.210
723,2,true,3,2026-03-05 14:28:29.115,2026-03-05 14:51:59.102
726,3,true,3,2026-03-05 15:44:48.477,2026-03-05 17:38:14.574
729,1,true,3,2026-03-06 11:38:30.518,2026-03-06 11:45:19.686
732,2,true,3,2026-03-06 14:09:17.752,2026-03-06 14:48:49.769
735,3,true,3,2026-03-06 16:31:31.954,2026-03-06 17:45:58.854
738,1,true,3,2026-03-09 09:14:39.750,2026-03-09 11:52:59.962
740,2,true,2,2026-03-09 13:15:59.122,2026-03-09 14:49:02.006
742,3,true,2,2026-03-09 16:35:05.413,2026-03-09 17:53:06.434
745,1,true,3,2026-03-10 11:36:46.078,2026-03-10 11:53:05.698
746,2,true,1,2026-03-10 12:58:30.345,2026-03-10 14:53:43.238
748,3,true,2,2026-03-10 17:39:30.728,2026-03-10 17:51:01.103
751,1,true,3,2026-03-11 11:37:01.969,2026-03-11 11:46:38.358
752,2,true,1,2026-03-11 13:14:42.247,2026-03-11 14:37:55.846
753,3,true,1,2026-03-11 17:20:21.473,2026-03-11 17:36:58.550
754,1,true,1,2026-03-12 09:28:22.541,2026-03-12 11:47:05.732
755,2,true,1,2026-03-12 13:48:59.505,2026-03-12 14:49:44.536
757,3,true,2,2026-03-12 15:44:42.886,2026-03-12 17:49:46.953
759,1,true,2,2026-03-13 10:42:40.795,2026-03-13 11:48:49.784
760,2,true,1,2026-03-13 13:22:40.008,2026-03-13 14:50:47.041
763,3,true,3,2026-03-13 17:31:31.404,2026-03-13 17:48:08.337
764,1,true,1,2026-03-16 09:53:21.455,2026-03-16 11:44:49.371
767,2,true,3,2026-03-16 12:45:11.770,2026-03-16 14:51:42.395
770,3,true,3,2026-03-16 15:45:54.006,2026-03-16 17:48:35.490
771,1,true,1,2026-03-17 09:55:22.509,2026-03-17 11:47:29.045
772,2,true,1,2026-03-17 12:22:53.643,2026-03-17 14:36:56.575
775,3,true,3,2026-03-17 16:11:43.583,2026-03-17 17:44:17.033
776,1,true,1,2026-03-18 09:05:22.450,2026-03-18 11:47:40.922
778,2,true,2,2026-03-18 12:19:14.812,2026-03-18 14:35:45.682
781,3,true,3,2026-03-18 16:10:06.646,2026-03-18 17:38:20.185
784,1,true,3,2026-03-19 10:45:34.328,2026-03-19 11:47:01.849
787,2,true,3,2026-03-19 12:42:46.040,2026-03-19 14:43:24.583
789,3,true,2,2026-03-19 15:56:15.430,2026-03-19 17:48:47.829
792,1,true,3,2026-03-20 10:34:30.937,2026-03-20 11:37:45.542
794,2,true,2,2026-03-20 14:05:21.075,2026-03-20 14:40:55.088
795,3,true,1,2026-03-20 17:26:05.954,2026-03-20 17:49:19.494
797,1,true,2,2026-03-23 10:06:29.965,2026-03-23 11:41:59.196
800,2,true,3,2026-03-23 12:18:38.891,2026-03-23 14:53:04.838
803,3,true,3,2026-03-23 15:44:28.578,2026-03-23 17:44:47.947
806,1,true,3,2026-03-24 10:21:58.256,2026-03-24 11:42:50.949
807,2,true,1,2026-03-24 13:15:16.625,2026-03-24 14:51:43.926
810,3,true,3,2026-03-24 17:27:03.377,2026-03-24 17:38:50.486
812,1,true,2,2026-03-25 11:36:27.013,2026-03-25 11:43:25.447
815,2,true,3,2026-03-25 13:09:16.964,2026-03-25 14:49:09.661
818,3,true,3,2026-03-25 17:24:56.447,2026-03-25 17:40:27.710
821,1,true,3,2026-03-26 09:35:32.761,2026-03-26 11:44:53.320
824,2,true,3,2026-03-26 12:32:24.867,2026-03-26 14:40:39.513
827,3,true,3,2026-03-26 15:23:25.803,2026-03-26 17:47:12.130
830,1,true,3,2026-03-27 10:59:34.080,2026-03-27 11:37:57.696
833,2,true,3,2026-03-27 14:20:15.013,2026-03-27 14:40:12.484
836,3,true,3,2026-03-27 16:55:02.600,2026-03-27 17:39:08.676
837,1,true,1,2026-03-30 11:26:25.520,2026-03-30 11:42:03.143
838,2,true,1,2026-03-30 13:13:37.956,2026-03-30 14:46:57.172
841,3,true,3,2026-03-30 17:24:19.882,2026-03-30 17:52:22.189
842,1,true,1,2026-03-31 11:26:37.317,2026-03-31 11:42:55.402
845,2,true,3,2026-03-31 13:28:51.538,2026-03-31 14:47:44.142
846,3,true,1,2026-03-31 17:27:10.641,2026-03-31 17:53:54.709
847,1,true,1,2026-01-01 11:18:26.285,2026-01-01 11:52:30.628
850,2,true,3,2026-01-01 12:43:19.285,2026-01-01 14:50:11.927
853,3,true,3,2026-01-01 16:59:34.571,2026-01-01 17:46:22.160
854,1,true,1,2026-01-02 11:02:49.886,2026-01-02 11:46:08.285
856,2,true,2,2026-01-02 13:57:48.068,2026-01-02 14:49:32.594
858,3,true,2,2026-01-02 16:09:38.469,2026-01-02 17:36:00.327
860,1,true,2,2026-01-05 09:27:26.744,2026-01-05 11:50:44.635
863,2,true,3,2026-01-05 13:57:06.877,2026-01-05 14:46:51.510
865,3,true,2,2026-01-05 17:19:22.684,2026-01-05 17:40:36.485
868,1,true,3,2026-01-06 09:28:52.994,2026-01-06 11:39:13.293
870,2,true,2,2026-01-06 12:50:11.041,2026-01-06 14:37:01.479
873,3,true,3,2026-01-06 15:06:42.961,2026-01-06 17:47:04.866
874,1,true,1,2026-01-07 10:57:57.065,2026-01-07 11:38:24.813
875,2,true,1,2026-01-07 12:31:22.823,2026-01-07 14:41:03.104
878,3,true,3,2026-01-07 16:38:10.748,2026-01-07 17:39:56.519
879,1,true,1,2026-01-08 09:33:16.030,2026-01-08 11:53:17.200
880,2,true,1,2026-01-08 13:48:35.585,2026-01-08 14:52:50.651
883,3,true,3,2026-01-08 15:32:02.571,2026-01-08 17:47:07.239
886,1,true,3,2026-01-09 10:53:50.837,2026-01-09 11:50:41.605
889,2,true,3,2026-01-09 13:26:57.457,2026-01-09 14:35:56.079
890,3,true,1,2026-01-09 16:26:57.457,2026-01-09 17:42:26.346
892,1,true,2,2026-01-12 10:43:58.025,2026-01-12 11:41:10.351
893,2,true,1,2026-01-12 13:03:43.948,2026-01-12 14:36:34.688
894,3,true,1,2026-01-12 17:33:03.175,2026-01-12 17:50:50.241
895,1,true,1,2026-01-13 10:47:08.234,2026-01-13 11:52:10.942
898,2,true,3,2026-01-13 13:30:41.633,2026-01-13 14:40:05.476
901,3,true,3,2026-01-13 15:23:09.773,2026-01-13 17:54:07.912
904,1,true,3,2026-01-14 10:41:40.575,2026-01-14 11:45:40.235
907,2,true,3,2026-01-14 12:36:39.917,2026-01-14 14:47:06.804
910,3,true,3,2026-01-14 17:10:17.471,2026-01-14 17:42:05.663
911,1,true,1,2026-01-15 10:09:28.450,2026-01-15 11:37:03.926
914,2,true,3,2026-01-15 12:08:15.029,2026-01-15 14:39:55.607
916,3,true,2,2026-01-15 16:20:14.999,2026-01-15 17:53:49.701
917,1,true,1,2026-01-16 10:43:10.288,2026-01-16 11:50:21.236
920,2,true,3,2026-01-16 12:17:45.299,2026-01-16 14:48:48.680
922,3,true,2,2026-01-16 16:12:44.085,2026-01-16 17:49:45.534
925,1,true,3,2026-01-19 10:36:05.266,2026-01-19 11:50:17.931
928,2,true,3,2026-01-19 14:14:28.200,2026-01-19 14:40:49.961
929,3,true,1,2026-01-19 16:39:27.939,2026-01-19 17:47:32.112
931,1,true,2,2026-01-20 11:11:24.957,2026-01-20 11:50:44.748
934,2,true,3,2026-01-20 12:55:24.909,2026-01-20 14:38:53.248
937,3,true,3,2026-01-20 17:07:10.358,2026-01-20 17:42:14.986
940,1,true,3,2026-01-21 10:10:20.723,2026-01-21 11:52:42.479
943,2,true,3,2026-01-21 14:01:07.283,2026-01-21 14:52:41.649
946,3,true,3,2026-01-21 17:33:13.713,2026-01-21 17:46:47.009
947,1,true,1,2026-01-22 09:24:27.035,2026-01-22 11:38:04.486
949,2,true,2,2026-01-22 12:47:13.355,2026-01-22 14:39:07.060
952,3,true,3,2026-01-22 15:22:11.138,2026-01-22 17:41:01.362
953,1,true,1,2026-01-23 09:15:54.864,2026-01-23 11:42:22.584
956,2,true,3,2026-01-23 12:16:36.417,2026-01-23 14:36:55.534
959,3,true,3,2026-01-23 15:38:23.948,2026-01-23 17:40:11.246
962,1,true,3,2026-01-26 10:12:50.029,2026-01-26 11:48:35.290
965,2,true,3,2026-01-26 12:10:09.831,2026-01-26 14:37:38.906
966,3,true,1,2026-01-26 16:28:36.135,2026-01-26 17:36:40.740
967,1,true,1,2026-01-27 10:30:10.821,2026-01-27 11:38:45.625
969,2,true,2,2026-01-27 12:54:52.475,2026-01-27 14:41:23.376
970,3,true,1,2026-01-27 15:36:58.514,2026-01-27 17:54:30.083
973,1,true,3,2026-01-28 10:53:26.692,2026-01-28 11:51:26.490
976,2,true,3,2026-01-28 12:19:09.870,2026-01-28 14:48:54.389
979,3,true,3,2026-01-28 16:45:13.215,2026-01-28 17:47:01.014
982,1,true,3,2026-01-29 09:35:50.386,2026-01-29 11:44:01.622
983,2,true,1,2026-01-29 12:03:42.816,2026-01-29 14:46:13.040
986,3,true,3,2026-01-29 15:45:39.368,2026-01-29 17:51:11.010
989,1,true,3,2026-01-30 10:29:45.280,2026-01-30 11:54:32.418
990,2,true,1,2026-01-30 13:35:04.459,2026-01-30 14:47:10.951
992,3,true,2,2026-01-30 15:48:32.543,2026-01-30 17:46:57.405
995,1,true,3,2026-02-02 09:58:47.587,2026-02-02 11:39:17.924
998,2,true,3,2026-02-02 12:18:26.559,2026-02-02 14:53:50.743
999,3,true,1,2026-02-02 16:32:38.556,2026-02-02 17:41:46.137
1001,1,true,2,2026-02-03 09:59:37.412,2026-02-03 11:36:35.108
1004,2,true,3,2026-02-03 12:20:39.963,2026-02-03 14:35:37.723
1006,3,true,2,2026-02-03 16:32:59.246,2026-02-03 17:35:14.085
1009,1,true,3,2026-02-04 10:18:43.096,2026-02-04 11:54:09.720
1011,2,true,2,2026-02-04 13:04:24.785,2026-02-04 14:46:55.113
1012,3,true,1,2026-02-04 16:30:32.260,2026-02-04 17:50:06.365
1015,1,true,3,2026-02-05 09:37:09.628,2026-02-05 11:37:35.128
1017,2,true,2,2026-02-05 13:09:05.086,2026-02-05 14:44:58.894
1019,3,true,2,2026-02-05 16:13:26.767,2026-02-05 17:39:40.334
1021,1,true,2,2026-02-06 11:17:40.347,2026-02-06 11:47:24.523
1024,2,true,3,2026-02-06 12:52:47.767,2026-02-06 14:46:53.599
1025,3,true,1,2026-02-06 15:35:19.167,2026-02-06 17:49:38.184
1028,1,true,3,2026-02-09 10:45:43.016,2026-02-09 11:42:35.254
1029,2,true,1,2026-02-09 14:35:53.220,2026-02-09 14:49:10.978
1030,3,true,1,2026-02-09 17:35:39.912,2026-02-09 17:44:58.802
1032,1,true,2,2026-02-10 09:26:10.087,2026-02-10 11:40:18.680
1034,2,true,2,2026-02-10 13:24:09.352,2026-02-10 14:50:10.470
1037,3,true,3,2026-02-10 15:36:29.166,2026-02-10 17:45:45.448
1040,1,true,3,2026-02-11 11:08:52.931,2026-02-11 11:43:40.707
1041,2,true,1,2026-02-11 13:24:26.011,2026-02-11 14:50:13.328
1044,3,true,3,2026-02-11 15:34:15.039,2026-02-11 17:52:11.925
1047,1,true,3,2026-02-12 09:06:29.573,2026-02-12 11:44:34.607
1048,2,true,1,2026-02-12 12:42:14.875,2026-02-12 14:51:46.832
1049,3,true,1,2026-02-12 15:56:51.272,2026-02-12 17:37:54.787
1052,1,true,3,2026-02-13 09:40:15.770,2026-02-13 11:42:58.793
1054,2,true,2,2026-02-13 14:30:24.422,2026-02-13 14:51:43.457
1056,3,true,2,2026-02-13 17:11:20.659,2026-02-13 17:52:30.554
1059,1,true,3,2026-02-16 10:56:47.122,2026-02-16 11:38:44.436
1060,2,true,1,2026-02-16 12:42:44.517,2026-02-16 14:53:39.160
1063,3,true,3,2026-02-16 17:23:49.832,2026-02-16 17:36:09.838
1065,1,true,2,2026-02-17 11:19:39.619,2026-02-17 11:54:46.249
1068,2,true,3,2026-02-17 14:18:15.501,2026-02-17 14:44:46.036
1069,3,true,1,2026-02-17 16:34:44.928,2026-02-17 17:46:48.139
1070,1,true,1,2026-02-18 10:47:25.077,2026-02-18 11:53:17.150
1072,2,true,2,2026-02-18 13:15:24.197,2026-02-18 14:48:42.500
1073,3,true,1,2026-02-18 17:36:32.467,2026-02-18 17:42:15.632
1074,1,true,1,2026-02-19 11:29:16.737,2026-02-19 11:40:42.025
1077,2,true,3,2026-02-19 13:17:19.606,2026-02-19 14:53:40.057
1078,3,true,1,2026-02-19 16:33:07.079,2026-02-19 17:52:44.553
1081,1,true,3,2026-02-20 09:10:54.212,2026-02-20 11:43:08.275
1084,2,true,3,2026-02-20 13:08:33.096,2026-02-20 14:40:32.278
1087,3,true,3,2026-02-20 17:14:41.976,2026-02-20 17:40:20.061
1088,1,true,1,2026-02-23 11:38:11.980,2026-02-23 11:54:53.980
1091,2,true,3,2026-02-23 13:13:18.975,2026-02-23 14:35:18.818
1094,3,true,3,2026-02-23 17:24:52.280,2026-02-23 17:48:26.752
1097,1,true,3,2026-02-24 09:25:44.934,2026-02-24 11:51:34.292
1099,2,true,2,2026-02-24 14:16:19.003,2026-02-24 14:48:57.845
1102,3,true,3,2026-02-24 15:56:20.403,2026-02-24 17:54:25.485
1105,1,true,3,2026-02-25 10:46:44.701,2026-02-25 11:54:02.176
1108,2,true,3,2026-02-25 12:09:43.834,2026-02-25 14:47:24.089
1109,3,true,1,2026-02-25 16:44:32.563,2026-02-25 17:43:02.766
1112,1,true,3,2026-02-26 10:32:12.108,2026-02-26 11:47:26.704
1113,2,true,1,2026-02-26 12:35:07.735,2026-02-26 14:35:22.281
1115,3,true,2,2026-02-26 16:17:40.261,2026-02-26 17:50:01.288
1118,1,true,3,2026-02-27 09:25:37.233,2026-02-27 11:51:37.918
1121,2,true,3,2026-02-27 13:45:12.603,2026-02-27 14:53:26.335
1124,3,true,3,2026-02-27 16:18:01.812,2026-02-27 17:49:17.138
1125,1,true,1,2026-03-02 11:26:46.234,2026-03-02 11:53:01.646
1127,2,true,2,2026-03-02 12:34:22.557,2026-03-02 14:54:20.732
1128,3,true,1,2026-03-02 15:42:48.719,2026-03-02 17:47:29.971
1131,1,true,3,2026-03-03 10:29:49.898,2026-03-03 11:43:29.923
1134,2,true,3,2026-03-03 13:57:47.097,2026-03-03 14:47:46.948
1137,3,true,3,2026-03-03 16:58:50.479,2026-03-03 17:35:04.029
1140,1,true,3,2026-03-04 09:28:07.164,2026-03-04 11:44:12.908
1141,2,true,1,2026-03-04 13:31:48.526,2026-03-04 14:43:26.889
1144,3,true,3,2026-03-04 15:35:11.058,2026-03-04 17:45:45.154
1145,1,true,1,2026-03-05 10:37:40.649,2026-03-05 11:54:15.089
1148,2,true,3,2026-03-05 12:47:50.400,2026-03-05 14:38:47.162
1150,3,true,2,2026-03-05 17:21:49.805,2026-03-05 17:35:00.786
1153,1,true,3,2026-03-06 09:57:30.984,2026-03-06 11:47:00.307
1155,2,true,2,2026-03-06 13:15:56.528,2026-03-06 14:54:48.032
1157,3,true,2,2026-03-06 16:11:27.734,2026-03-06 17:41:08.509
1158,1,true,1,2026-03-09 10:48:51.896,2026-03-09 11:36:23.350
1161,2,true,3,2026-03-09 12:56:45.512,2026-03-09 14:45:57.241
1162,3,true,1,2026-03-09 15:59:39.668,2026-03-09 17:52:05.345
1165,1,true,3,2026-03-10 10:13:06.867,2026-03-10 11:42:49.567
1166,2,true,1,2026-03-10 14:09:30.621,2026-03-10 14:46:08.729
1167,3,true,1,2026-03-10 16:58:06.442,2026-03-10 17:43:03.199
1170,1,true,3,2026-03-11 11:15:01.416,2026-03-11 11:37:24.966
1173,2,true,3,2026-03-11 12:21:01.797,2026-03-11 14:37:44.577
1176,3,true,3,2026-03-11 15:11:54.676,2026-03-11 17:44:41.158
1179,1,true,3,2026-03-12 10:27:44.367,2026-03-12 11:38:44.505
1182,2,true,3,2026-03-12 13:21:39.506,2026-03-12 14:38:10.878
1184,3,true,2,2026-03-12 16:47:57.049,2026-03-12 17:51:58.339
1185,1,true,1,2026-03-13 11:20:45.318,2026-03-13 11:37:35.645
1186,2,true,1,2026-03-13 12:38:15.066,2026-03-13 14:51:52.899
1187,3,true,1,2026-03-13 15:46:37.766,2026-03-13 17:39:07.129
1188,1,true,1,2026-03-16 09:33:36.549,2026-03-16 11:46:14.418
1189,2,true,1,2026-03-16 12:43:19.818,2026-03-16 14:38:53.050
1191,3,true,2,2026-03-16 16:53:15.522,2026-03-16 17:44:33.780
1193,1,true,2,2026-03-17 10:34:44.099,2026-03-17 11:44:13.068
1195,2,true,2,2026-03-17 13:11:57.336,2026-03-17 14:37:27.303
1198,3,true,3,2026-03-17 15:33:02.903,2026-03-17 17:50:07.733
1201,1,true,3,2026-03-18 11:09:48.468,2026-03-18 11:40:06.654
1202,2,true,1,2026-03-18 12:20:57.599,2026-03-18 14:43:35.449
1205,3,true,3,2026-03-18 16:14:26.774,2026-03-18 17:41:14.796
1208,1,true,3,2026-03-19 09:36:15.111,2026-03-19 11:50:07.685
1209,2,true,1,2026-03-19 14:24:25.940,2026-03-19 14:51:26.043
1210,3,true,1,2026-03-19 17:35:06.317,2026-03-19 17:51:43.735
1212,1,true,2,2026-03-20 10:10:33.377,2026-03-20 11:50:34.025
1213,2,true,1,2026-03-20 13:25:29.111,2026-03-20 14:53:22.050
1216,3,true,3,2026-03-20 16:36:16.176,2026-03-20 17:50:50.708
1219,1,true,3,2026-03-23 11:18:36.998,2026-03-23 11:36:19.176
1222,2,true,3,2026-03-23 12:59:47.269,2026-03-23 14:53:21.479
1223,3,true,1,2026-03-23 16:22:49.552,2026-03-23 17:41:58.184
1224,1,true,1,2026-03-24 09:11:38.527,2026-03-24 11:45:29.112
1227,2,true,3,2026-03-24 12:20:37.329,2026-03-24 14:53:37.790
1230,3,true,3,2026-03-24 17:04:32.300,2026-03-24 17:40:59.438
1233,1,true,3,2026-03-25 09:13:29.355,2026-03-25 11:38:55.949
1234,2,true,1,2026-03-25 14:31:42.713,2026-03-25 14:52:56.197
1236,3,true,2,2026-03-25 16:04:00.597,2026-03-25 17:41:13.636
1239,1,true,3,2026-03-26 09:15:12.249,2026-03-26 11:43:05.377
1242,2,true,3,2026-03-26 12:29:32.270,2026-03-26 14:53:55.866
1243,3,true,1,2026-03-26 16:57:02.420,2026-03-26 17:36:42.013
1246,1,true,3,2026-03-27 09:38:06.750,2026-03-27 11:38:41.365
1247,2,true,1,2026-03-27 13:05:45.327,2026-03-27 14:51:19.151
1248,3,true,1,2026-03-27 16:07:03.369,2026-03-27 17:46:40.692
1249,1,true,1,2026-03-30 10:40:22.477,2026-03-30 11:53:50.830
1252,2,true,3,2026-03-30 13:27:09.676,2026-03-30 14:54:01.550
1255,3,true,3,2026-03-30 16:11:32.531,2026-03-30 17:38:20.007
1258,1,true,3,2026-03-31 09:09:58.046,2026-03-31 11:47:18.176
1259,2,true,1,2026-03-31 12:09:34.303,2026-03-31 14:54:12.235
1260,3,true,1,2026-03-31 16:17:44.734,2026-03-31 17:49:36.317
1262,1,true,2,2026-01-01 11:12:56.651,2026-01-01 11:39:40.057
1265,2,true,3,2026-01-01 12:57:38.262,2026-01-01 14:49:23.476
1267,3,true,2,2026-01-01 15:53:44.327,2026-01-01 17:43:41.604
1270,1,true,3,2026-01-02 11:14:46.339,2026-01-02 11:44:17.969
1271,2,true,1,2026-01-02 14:00:08.806,2026-01-02 14:39:20.271
1273,3,true,2,2026-01-02 15:11:11.866,2026-01-02 17:44:04.212
1274,1,true,1,2026-01-05 09:08:11.201,2026-01-05 11:44:44.965
1277,2,true,3,2026-01-05 13:17:39.311,2026-01-05 14:38:32.002
1280,3,true,3,2026-01-05 16:27:31.399,2026-01-05 17:35:13.927
1282,1,true,2,2026-01-06 09:35:58.686,2026-01-06 11:47:19.794
1285,2,true,3,2026-01-06 13:05:19.992,2026-01-06 14:46:10.873
1288,3,true,3,2026-01-06 16:25:16.622,2026-01-06 17:41:24.907
1290,1,true,2,2026-01-07 09:03:00.142,2026-01-07 11:51:49.458
1293,2,true,3,2026-01-07 13:01:48.071,2026-01-07 14:35:54.172
1296,3,true,3,2026-01-07 16:58:30.539,2026-01-07 17:52:15.988
1299,1,true,3,2026-01-08 10:59:42.327,2026-01-08 11:45:04.963
1302,2,true,3,2026-01-08 12:37:47.735,2026-01-08 14:46:47.582
1303,3,true,1,2026-01-08 16:10:19.470,2026-01-08 17:50:03.683
1306,1,true,3,2026-01-09 09:09:58.641,2026-01-09 11:36:37.240
1309,2,true,3,2026-01-09 12:57:35.149,2026-01-09 14:42:37.498
1310,3,true,1,2026-01-09 17:16:17.950,2026-01-09 17:39:49.992
1313,1,true,3,2026-01-12 11:27:29.974,2026-01-12 11:47:41.169
1316,2,true,3,2026-01-12 14:28:49.339,2026-01-12 14:37:43.370
1319,3,true,3,2026-01-12 16:48:14.302,2026-01-12 17:36:08.227
1322,1,true,3,2026-01-13 11:28:24.685,2026-01-13 11:48:31.209
1325,2,true,3,2026-01-13 13:17:21.372,2026-01-13 14:36:17.679
1326,3,true,1,2026-01-13 16:24:56.482,2026-01-13 17:45:42.964
1329,1,true,3,2026-01-14 11:01:37.618,2026-01-14 11:40:43.207
1332,2,true,3,2026-01-14 12:47:50.609,2026-01-14 14:46:26.776
1335,3,true,3,2026-01-14 17:07:30.447,2026-01-14 17:46:08.466
1338,1,true,3,2026-01-15 10:13:06.667,2026-01-15 11:53:45.678
1341,2,true,3,2026-01-15 13:11:30.117,2026-01-15 14:45:01.484
1342,3,true,1,2026-01-15 15:32:53.296,2026-01-15 17:53:29.731
1343,1,true,1,2026-01-16 10:29:42.935,2026-01-16 11:35:35.315
1346,2,true,3,2026-01-16 12:06:04.036,2026-01-16 14:54:34.189
1349,3,true,3,2026-01-16 16:55:28.349,2026-01-16 17:38:19.516
1352,1,true,3,2026-01-19 09:54:06.649,2026-01-19 11:37:29.208
1353,2,true,1,2026-01-19 14:17:47.229,2026-01-19 14:53:26.933
1356,3,true,3,2026-01-19 16:47:27.882,2026-01-19 17:54:21.454
1359,1,true,3,2026-01-20 10:46:50.275,2026-01-20 11:54:16.578
1360,2,true,1,2026-01-20 12:17:46.955,2026-01-20 14:49:32.473
1361,3,true,1,2026-01-20 16:09:11.969,2026-01-20 17:54:07.882
1364,1,true,3,2026-01-21 11:02:21.296,2026-01-21 11:53:27.245
1367,2,true,3,2026-01-21 14:15:58.744,2026-01-21 14:52:21.586
1370,3,true,3,2026-01-21 16:01:24.423,2026-01-21 17:40:57.520
1373,1,true,3,2026-01-22 09:25:27.515,2026-01-22 11:39:50.316
1376,2,true,3,2026-01-22 14:33:50.095,2026-01-22 14:54:59.752
1379,3,true,3,2026-01-22 17:06:32.114,2026-01-22 17:36:16.034
1382,1,true,3,2026-01-23 09:39:29.155,2026-01-23 11:49:21.646
1384,2,true,2,2026-01-23 13:11:09.401,2026-01-23 14:38:20.513
1386,3,true,2,2026-01-23 16:36:20.637,2026-01-23 17:54:43.596
1389,1,true,3,2026-01-26 09:17:22.511,2026-01-26 11:47:25.837
1392,2,true,3,2026-01-26 13:24:18.131,2026-01-26 14:36:12.302
1393,3,true,1,2026-01-26 15:54:39.114,2026-01-26 17:36:54.752
1396,1,true,3,2026-01-27 10:41:38.244,2026-01-27 11:35:48.774
1398,2,true,2,2026-01-27 12:37:55.704,2026-01-27 14:44:39.283
1401,3,true,3,2026-01-27 16:43:45.507,2026-01-27 17:51:19.993
1404,1,true,3,2026-01-28 09:14:57.125,2026-01-28 11:48:31.780
1407,2,true,3,2026-01-28 12:15:43.414,2026-01-28 14:40:15.924
1410,3,true,3,2026-01-28 15:31:58.135,2026-01-28 17:46:29.122
1413,1,true,3,2026-01-29 11:18:14.968,2026-01-29 11:36:48.144
1416,2,true,3,2026-01-29 14:41:24.307,2026-01-29 14:54:09.948
1419,3,true,3,2026-01-29 15:49:34.766,2026-01-29 17:38:22.334
1421,1,true,2,2026-01-30 09:18:39.815,2026-01-30 11:36:26.547
1422,2,true,1,2026-01-30 13:24:17.916,2026-01-30 14:45:40.461
1425,3,true,3,2026-01-30 16:24:28.292,2026-01-30 17:53:44.459
1426,1,true,1,2026-02-02 09:36:13.257,2026-02-02 11:51:32.806
1428,2,true,2,2026-02-02 12:19:51.911,2026-02-02 14:46:13.367
1430,3,true,2,2026-02-02 16:30:52.136,2026-02-02 17:46:58.130
1433,1,true,3,2026-02-03 10:29:59.053,2026-02-03 11:49:27.300
1435,2,true,2,2026-02-03 14:03:08.289,2026-02-03 14:39:53.994
1438,3,true,3,2026-02-03 17:04:14.502,2026-02-03 17:48:38.880
1441,1,true,3,2026-02-04 10:44:06.079,2026-02-04 11:43:46.797
1444,2,true,3,2026-02-04 13:14:18.982,2026-02-04 14:37:08.916
1447,3,true,3,2026-02-04 15:30:42.102,2026-02-04 17:37:28.903
1450,1,true,3,2026-02-05 10:08:36.343,2026-02-05 11:35:33.051
1452,2,true,2,2026-02-05 14:43:16.379,2026-02-05 14:51:44.097
1455,3,true,3,2026-02-05 17:42:04.118,2026-02-05 17:53:03.301
1458,1,true,3,2026-02-06 10:46:04.532,2026-02-06 11:37:26.341
1459,2,true,1,2026-02-06 14:13:40.480,2026-02-06 14:53:36.773
1461,3,true,2,2026-02-06 16:05:27.538,2026-02-06 17:39:50.575
1464,1,true,3,2026-02-09 10:24:25.662,2026-02-09 11:40:11.695
1467,2,true,3,2026-02-09 13:05:56.928,2026-02-09 14:35:32.056
1468,3,true,1,2026-02-09 17:11:34.930,2026-02-09 17:45:03.126
1471,1,true,3,2026-02-10 09:35:17.254,2026-02-10 11:40:38.402
1473,2,true,2,2026-02-10 14:05:27.410,2026-02-10 14:53:59.511
1476,3,true,3,2026-02-10 16:46:48.750,2026-02-10 17:46:17.716
1478,1,true,2,2026-02-11 10:17:52.940,2026-02-11 11:43:08.071
1481,2,true,3,2026-02-11 13:45:58.116,2026-02-11 14:47:27.693
1482,3,true,1,2026-02-11 16:04:44.107,2026-02-11 17:45:06.850
1484,1,true,2,2026-02-12 09:50:26.177,2026-02-12 11:54:34.835
1486,2,true,2,2026-02-12 13:38:22.206,2026-02-12 14:45:35.322
1488,3,true,2,2026-02-12 15:38:27.014,2026-02-12 17:39:08.461
1491,1,true,3,2026-02-13 09:43:56.132,2026-02-13 11:51:30.377
1493,2,true,2,2026-02-13 13:04:45.996,2026-02-13 14:36:14.800
1496,3,true,3,2026-02-13 16:06:14.285,2026-02-13 17:52:21.180
1498,1,true,2,2026-02-16 10:36:26.868,2026-02-16 11:47:10.856
1501,2,true,3,2026-02-16 12:49:58.896,2026-02-16 14:50:58.996
1504,3,true,3,2026-02-16 16:34:55.641,2026-02-16 17:39:15.212
1505,1,true,1,2026-02-17 09:49:20.052,2026-02-17 11:45:25.508
1507,2,true,2,2026-02-17 13:43:42.152,2026-02-17 14:40:30.144
1508,3,true,1,2026-02-17 16:28:07.460,2026-02-17 17:46:55.047
1510,1,true,2,2026-02-18 11:12:57.581,2026-02-18 11:42:43.137
1511,2,true,1,2026-02-18 13:29:44.456,2026-02-18 14:42:17.379
1512,3,true,1,2026-02-18 15:37:47.502,2026-02-18 17:45:27.605
1514,1,true,2,2026-02-19 09:19:32.616,2026-02-19 11:54:40.329
1515,2,true,1,2026-02-19 13:23:04.086,2026-02-19 14:39:44.059
1518,3,true,3,2026-02-19 17:19:45.347,2026-02-19 17:39:23.755
1519,1,true,1,2026-02-20 11:26:31.570,2026-02-20 11:38:17.972
1522,2,true,3,2026-02-20 14:16:49.763,2026-02-20 14:51:34.986
1525,3,true,3,2026-02-20 16:45:22.973,2026-02-20 17:44:47.760
1527,1,true,2,2026-02-23 10:41:41.847,2026-02-23 11:44:44.595
1530,2,true,3,2026-02-23 13:01:15.012,2026-02-23 14:52:03.245
1532,3,true,2,2026-02-23 15:21:41.025,2026-02-23 17:51:22.674
1535,1,true,3,2026-02-24 09:49:06.146,2026-02-24 11:39:03.501
1537,2,true,2,2026-02-24 12:42:24.012,2026-02-24 14:49:14.914
1538,3,true,1,2026-02-24 15:43:46.670,2026-02-24 17:42:27.169
1539,1,true,1,2026-02-25 09:26:22.924,2026-02-25 11:45:28.590
1542,2,true,3,2026-02-25 14:31:04.707,2026-02-25 14:40:44.989
1545,3,true,3,2026-02-25 16:06:13.029,2026-02-25 17:42:28.135
1547,1,true,2,2026-02-26 09:42:08.991,2026-02-26 11:42:29.066
1550,2,true,3,2026-02-26 12:39:54.077,2026-02-26 14:50:41.090
1552,3,true,2,2026-02-26 16:18:57.102,2026-02-26 17:50:31.872
1554,1,true,2,2026-02-27 10:24:47.935,2026-02-27 11:39:00.272
1557,2,true,3,2026-02-27 12:12:04.482,2026-02-27 14:52:23.372
1558,3,true,1,2026-02-27 15:26:24.642,2026-02-27 17:42:37.900
1559,1,true,1,2026-03-02 09:48:38.073,2026-03-02 11:41:06.290
1560,2,true,1,2026-03-02 13:27:20.713,2026-03-02 14:48:22.285
1563,3,true,3,2026-03-02 17:27:59.531,2026-03-02 17:46:57.871
1565,1,true,2,2026-03-03 10:01:37.252,2026-03-03 11:53:54.150
1568,2,true,3,2026-03-03 14:16:58.162,2026-03-03 14:43:09.543
1571,3,true,3,2026-03-03 17:12:53.958,2026-03-03 17:38:59.967
1573,1,true,2,2026-03-04 11:05:43.992,2026-03-04 11:37:19.017
1576,2,true,3,2026-03-04 12:04:18.852,2026-03-04 14:42:01.856
1579,3,true,3,2026-03-04 17:23:44.846,2026-03-04 17:53:24.617
1582,1,true,3,2026-03-05 11:37:04.452,2026-03-05 11:50:10.338
1583,2,true,1,2026-03-05 12:48:53.994,2026-03-05 14:42:42.433
1586,3,true,3,2026-03-05 15:29:15.742,2026-03-05 17:42:50.603
1589,1,true,3,2026-03-06 10:06:57.140,2026-03-06 11:41:17.788
1592,2,true,3,2026-03-06 14:24:32.328,2026-03-06 14:42:45.954
1594,3,true,2,2026-03-06 16:13:11.386,2026-03-06 17:37:54.921
1597,1,true,3,2026-03-09 09:37:18.919,2026-03-09 11:47:43.211
1600,2,true,3,2026-03-09 14:32:43.566,2026-03-09 14:52:58.598
1601,3,true,1,2026-03-09 16:59:40.590,2026-03-09 17:35:33.245
1604,1,true,3,2026-03-10 09:17:20.980,2026-03-10 11:47:22.970
1606,2,true,2,2026-03-10 13:42:03.193,2026-03-10 14:47:55.098
1609,3,true,3,2026-03-10 17:36:37.517,2026-03-10 17:51:05.080
1612,1,true,3,2026-03-11 11:39:22.696,2026-03-11 11:50:18.339
1615,2,true,3,2026-03-11 13:04:17.975,2026-03-11 14:45:25.705
1617,3,true,2,2026-03-11 17:20:05.065,2026-03-11 17:49:09.401
1620,1,true,3,2026-03-12 10:54:30.687,2026-03-12 11:36:42.337
1623,2,true,3,2026-03-12 12:29:33.440,2026-03-12 14:50:00.882
1626,3,true,3,2026-03-12 16:18:55.802,2026-03-12 17:35:38.456
1629,1,true,3,2026-03-13 09:44:50.483,2026-03-13 11:35:36.362
1632,2,true,3,2026-03-13 14:01:14.811,2026-03-13 14:37:56.745
1635,3,true,3,2026-03-13 16:47:26.527,2026-03-13 17:35:58.673
1636,1,true,1,2026-03-16 09:56:11.317,2026-03-16 11:38:37.699
1639,2,true,3,2026-03-16 12:19:51.544,2026-03-16 14:41:30.115
1642,3,true,3,2026-03-16 17:41:16.114,2026-03-16 17:54:44.032
1645,1,true,3,2026-03-17 11:45:13.827,2026-03-17 11:50:29.090
1648,2,true,3,2026-03-17 13:03:14.637,2026-03-17 14:45:53.466
1651,3,true,3,2026-03-17 16:29:05.265,2026-03-17 17:38:17.825
1654,1,true,3,2026-03-18 10:54:17.369,2026-03-18 11:40:47.941
1657,2,true,3,2026-03-18 13:35:48.399,2026-03-18 14:46:37.147
1660,3,true,3,2026-03-18 16:43:28.656,2026-03-18 17:44:39.866
1663,1,true,3,2026-03-19 11:18:48.426,2026-03-19 11:37:32.680
1665,2,true,2,2026-03-19 14:26:23.705,2026-03-19 14:52:10.704
1666,3,true,1,2026-03-19 16:22:50.662,2026-03-19 17:40:59.911
1669,1,true,3,2026-03-20 09:20:09.826,2026-03-20 11:48:30.238
1672,2,true,3,2026-03-20 13:58:04.378,2026-03-20 14:38:54.722
1675,3,true,3,2026-03-20 16:27:48.585,2026-03-20 17:36:17.717
1676,1,true,1,2026-03-23 10:36:56.422,2026-03-23 11:54:40.674
1677,2,true,1,2026-03-23 14:02:40.347,2026-03-23 14:49:57.753
1679,3,true,2,2026-03-23 16:49:28.711,2026-03-23 17:48:18.258
1682,1,true,3,2026-03-24 09:17:23.973,2026-03-24 11:51:46.074
1685,2,true,3,2026-03-24 12:45:08.374,2026-03-24 14:44:36.965
1688,3,true,3,2026-03-24 17:04:33.458,2026-03-24 17:41:47.186
1691,1,true,3,2026-03-25 09:55:24.805,2026-03-25 11:39:09.523
1692,2,true,1,2026-03-25 13:11:37.331,2026-03-25 14:44:58.183
1693,3,true,1,2026-03-25 15:50:39.548,2026-03-25 17:38:49.223
1696,1,true,3,2026-03-26 11:01:37.562,2026-03-26 11:51:43.594
1699,2,true,3,2026-03-26 14:07:55.474,2026-03-26 14:44:14.988
1702,3,true,3,2026-03-26 16:28:23.628,2026-03-26 17:43:07.346
1705,1,true,3,2026-03-27 10:56:18.873,2026-03-27 11:46:47.226
1708,2,true,3,2026-03-27 13:44:53.540,2026-03-27 14:46:44.745
1711,3,true,3,2026-03-27 16:42:19.164,2026-03-27 17:54:59.095
1713,1,true,2,2026-03-30 11:14:41.957,2026-03-30 11:53:22.652
1716,2,true,3,2026-03-30 13:24:04.925,2026-03-30 14:43:32.289
1718,3,true,2,2026-03-30 16:33:27.271,2026-03-30 17:44:55.976
1719,1,true,1,2026-03-31 09:21:11.489,2026-03-31 11:51:27.776
1722,2,true,3,2026-03-31 12:48:01.509,2026-03-31 14:52:06.600
1724,3,true,2,2026-03-31 15:42:55.556,2026-03-31 17:49:41.177
1725,1,true,1,2026-01-01 11:17:43.114,2026-01-01 11:36:46.708
1728,2,true,3,2026-01-01 13:23:10.569,2026-01-01 14:53:38.301
1731,3,true,3,2026-01-01 16:23:54.574,2026-01-01 17:43:11.107
1734,1,true,3,2026-01-02 11:20:43.708,2026-01-02 11:41:05.022
1737,2,true,3,2026-01-02 13:01:51.066,2026-01-02 14:41:00.240
1739,3,true,2,2026-01-02 16:57:40.148,2026-01-02 17:42:27.826
1742,1,true,3,2026-01-05 09:35:13.038,2026-01-05 11:43:36.118
1744,2,true,2,2026-01-05 13:08:23.242,2026-01-05 14:47:01.134
1747,3,true,3,2026-01-05 17:20:01.718,2026-01-05 17:51:44.497
1749,1,true,2,2026-01-06 10:18:32.887,2026-01-06 11:36:29.530
1752,2,true,3,2026-01-06 13:39:00.947,2026-01-06 14:51:52.504
1754,3,true,2,2026-01-06 17:09:07.324,2026-01-06 17:37:42.411
1757,1,true,3,2026-01-07 11:03:19.652,2026-01-07 11:48:25.948
1760,2,true,3,2026-01-07 12:11:34.940,2026-01-07 14:49:53.365
1763,3,true,3,2026-01-07 15:56:39.018,2026-01-07 17:40:31.038
1764,1,true,1,2026-01-08 11:20:48.371,2026-01-08 11:52:06.206
1767,2,true,3,2026-01-08 13:10:29.133,2026-01-08 14:54:01.763
1770,3,true,3,2026-01-08 17:03:31.356,2026-01-08 17:45:47.227
1773,1,true,3,2026-01-09 09:30:34.110,2026-01-09 11:35:40.408
1776,2,true,3,2026-01-09 14:22:20.500,2026-01-09 14:52:19.490
1779,3,true,3,2026-01-09 16:24:32.591,2026-01-09 17:49:15.534
1782,1,true,3,2026-01-12 11:30:17.853,2026-01-12 11:45:50.313
1783,2,true,1,2026-01-12 13:22:18.905,2026-01-12 14:35:04.525
1786,3,true,3,2026-01-12 16:30:55.445,2026-01-12 17:54:26.198
1787,1,true,1,2026-01-13 09:48:24.628,2026-01-13 11:40:02.718
1788,2,true,1,2026-01-13 13:35:58.032,2026-01-13 14:44:49.876
1789,3,true,1,2026-01-13 17:17:24.648,2026-01-13 17:38:57.878
1792,1,true,3,2026-01-14 09:54:30.790,2026-01-14 11:49:38.797
1794,2,true,2,2026-01-14 12:51:56.401,2026-01-14 14:54:39.172
1797,3,true,3,2026-01-14 17:04:25.803,2026-01-14 17:54:37.572
1800,1,true,3,2026-01-15 09:57:46.241,2026-01-15 11:54:26.860
1802,2,true,2,2026-01-15 13:41:10.002,2026-01-15 14:40:02.054
1804,3,true,2,2026-01-15 16:25:01.548,2026-01-15 17:42:57.046
1806,1,true,2,2026-01-16 11:14:31.894,2026-01-16 11:37:53.023
1809,2,true,3,2026-01-16 13:40:17.206,2026-01-16 14:44:55.617
1812,3,true,3,2026-01-16 16:18:36.609,2026-01-16 17:40:54.727
1815,1,true,3,2026-01-19 11:34:13.338,2026-01-19 11:43:11.170
1818,2,true,3,2026-01-19 13:27:34.610,2026-01-19 14:40:09.635
1819,3,true,1,2026-01-19 16:45:15.203,2026-01-19 17:40:52.632
1821,1,true,2,2026-01-20 09:47:56.629,2026-01-20 11:44:23.616
1822,2,true,1,2026-01-20 14:05:49.944,2026-01-20 14:44:37.651
1825,3,true,3,2026-01-20 16:26:01.648,2026-01-20 17:38:44.475
1826,1,true,1,2026-01-21 09:29:45.149,2026-01-21 11:47:27.831
1829,2,true,3,2026-01-21 12:54:01.568,2026-01-21 14:37:03.480
1832,3,true,3,2026-01-21 16:03:32.658,2026-01-21 17:43:33.880
1833,1,true,1,2026-01-22 10:12:08.857,2026-01-22 11:42:29.295
1835,2,true,2,2026-01-22 12:13:44.917,2026-01-22 14:51:28.409
1838,3,true,3,2026-01-22 16:07:01.241,2026-01-22 17:44:30.167
1841,1,true,3,2026-01-23 09:35:37.734,2026-01-23 11:46:32.010
1842,2,true,1,2026-01-23 14:11:46.496,2026-01-23 14:37:04.361
1843,3,true,1,2026-01-23 15:34:04.977,2026-01-23 17:44:27.229
1844,1,true,1,2026-01-26 09:14:02.046,2026-01-26 11:46:45.209
1847,2,true,3,2026-01-26 14:22:15.182,2026-01-26 14:44:49.287
1850,3,true,3,2026-01-26 16:21:14.255,2026-01-26 17:54:29.460
1851,1,true,1,2026-01-27 11:11:18.663,2026-01-27 11:37:03.067
1854,2,true,3,2026-01-27 13:56:22.358,2026-01-27 14:40:16.812
1857,3,true,3,2026-01-27 16:36:51.759,2026-01-27 17:49:21.619
1858,1,true,1,2026-01-28 11:20:42.465,2026-01-28 11:44:14.711
1861,2,true,3,2026-01-28 14:25:56.258,2026-01-28 14:36:04.100
1864,3,true,3,2026-01-28 16:28:49.077,2026-01-28 17:47:59.054
1867,1,true,3,2026-01-29 09:11:48.848,2026-01-29 11:41:46.823
1868,2,true,1,2026-01-29 13:43:43.782,2026-01-29 14:48:13.651
1871,3,true,3,2026-01-29 15:39:42.294,2026-01-29 17:41:24.411
1873,1,true,2,2026-01-30 09:56:37.066,2026-01-30 11:53:35.219
1875,2,true,2,2026-01-30 12:33:36.871,2026-01-30 14:43:41.223
1876,3,true,1,2026-01-30 16:20:52.329,2026-01-30 17:39:51.060
1879,1,true,3,2026-02-02 09:49:38.988,2026-02-02 11:38:19.521
1882,2,true,3,2026-02-02 13:25:28.769,2026-02-02 14:52:40.195
1885,3,true,3,2026-02-02 15:51:17.948,2026-02-02 17:43:13.007
1888,1,true,3,2026-02-03 09:29:36.904,2026-02-03 11:44:48.260
1891,2,true,3,2026-02-03 12:49:41.916,2026-02-03 14:53:06.575
1894,3,true,3,2026-02-03 15:32:45.628,2026-02-03 17:52:54.996
1897,1,true,3,2026-02-04 10:10:10.746,2026-02-04 11:36:36.849
1900,2,true,3,2026-02-04 12:27:31.155,2026-02-04 14:36:49.181
1903,3,true,3,2026-02-04 16:57:44.516,2026-02-04 17:46:35.016
1906,1,true,3,2026-02-05 10:14:50.629,2026-02-05 11:54:32.420
1909,2,true,3,2026-02-05 12:13:59.755,2026-02-05 14:54:16.810
1911,3,true,2,2026-02-05 17:36:58.676,2026-02-05 17:48:56.519
1912,1,true,1,2026-02-06 09:58:11.528,2026-02-06 11:38:29.615
1915,2,true,3,2026-02-06 12:33:59.516,2026-02-06 14:37:51.692
1918,3,true,3,2026-02-06 17:30:54.083,2026-02-06 17:50:46.887
1919,1,true,1,2026-02-09 10:13:40.196,2026-02-09 11:48:03.677
1922,2,true,3,2026-02-09 13:56:41.573,2026-02-09 14:45:36.661
1923,3,true,1,2026-02-09 15:50:24.564,2026-02-09 17:54:32.514
1925,1,true,2,2026-02-10 10:33:05.284,2026-02-10 11:50:35.935
1926,2,true,1,2026-02-10 13:27:20.642,2026-02-10 14:52:11.088
1928,3,true,2,2026-02-10 15:13:34.015,2026-02-10 17:45:37.927
1930,1,true,2,2026-02-11 10:48:00.437,2026-02-11 11:41:22.552
1933,2,true,3,2026-02-11 12:42:05.685,2026-02-11 14:43:44.946
1936,3,true,3,2026-02-11 16:16:30.063,2026-02-11 17:36:23.323
1939,1,true,3,2026-02-12 11:17:35.244,2026-02-12 11:43:21.383
1940,2,true,1,2026-02-12 12:34:34.129,2026-02-12 14:41:42.924
1943,3,true,3,2026-02-12 17:01:22.135,2026-02-12 17:42:54.825
1944,1,true,1,2026-02-13 09:39:16.438,2026-02-13 11:50:47.727
1945,2,true,1,2026-02-13 13:39:43.084,2026-02-13 14:46:17.057
1948,3,true,3,2026-02-13 16:42:02.417,2026-02-13 17:45:56.893
1949,1,true,1,2026-02-16 10:45:14.479,2026-02-16 11:42:34.767
1952,2,true,3,2026-02-16 13:57:49.293,2026-02-16 14:47:54.232
1955,3,true,3,2026-02-16 16:48:46.446,2026-02-16 17:48:22.333
1958,1,true,3,2026-02-17 10:33:58.442,2026-02-17 11:48:35.162
1961,2,true,3,2026-02-17 12:20:20.160,2026-02-17 14:46:28.031
1964,3,true,3,2026-02-17 15:20:05.407,2026-02-17 17:44:23.057
1967,1,true,3,2026-02-18 10:16:23.806,2026-02-18 11:49:31.001
1968,2,true,1,2026-02-18 13:56:43.624,2026-02-18 14:36:29.479
1971,3,true,3,2026-02-18 15:06:10.309,2026-02-18 17:48:09.739
1972,1,true,1,2026-02-19 10:09:49.344,2026-02-19 11:52:59.752
1975,2,true,3,2026-02-19 12:40:16.736,2026-02-19 14:41:32.383
1978,3,true,3,2026-02-19 17:14:21.748,2026-02-19 17:41:09.904
1981,1,true,3,2026-02-20 09:16:29.962,2026-02-20 11:45:38.871
1982,2,true,1,2026-02-20 13:05:34.216,2026-02-20 14:35:06.409
1985,3,true,3,2026-02-20 16:04:27.420,2026-02-20 17:48:01.612
1986,1,true,1,2026-02-23 10:30:23.790,2026-02-23 11:40:12.803
1989,2,true,3,2026-02-23 13:30:48.914,2026-02-23 14:39:47.788
1992,3,true,3,2026-02-23 15:57:12.334,2026-02-23 17:37:36.337
1995,1,true,3,2026-02-24 10:41:05.958,2026-02-24 11:39:58.967
1998,2,true,3,2026-02-24 13:27:21.295,2026-02-24 14:35:26.146
2001,3,true,3,2026-02-24 16:24:21.095,2026-02-24 17:35:24.937
2002,1,true,1,2026-02-25 10:21:15.270,2026-02-25 11:38:24.041
2003,2,true,1,2026-02-25 13:57:11.666,2026-02-25 14:50:48.954
2004,3,true,1,2026-02-25 15:21:04.211,2026-02-25 17:48:15.724
2007,1,true,3,2026-02-26 10:44:35.782,2026-02-26 11:38:00.618
2010,2,true,3,2026-02-26 12:42:05.303,2026-02-26 14:41:14.506
2013,3,true,3,2026-02-26 15:57:22.163,2026-02-26 17:35:51.714
2015,1,true,2,2026-02-27 09:05:17.119,2026-02-27 11:54:10.529
2016,2,true,1,2026-02-27 13:41:35.059,2026-02-27 14:51:20.889
2019,3,true,3,2026-02-27 17:01:32.897,2026-02-27 17:45:45.994
2021,1,true,2,2026-03-02 11:03:42.553,2026-03-02 11:37:07.574
2022,2,true,1,2026-03-02 13:54:51.787,2026-03-02 14:52:29.206
2025,3,true,3,2026-03-02 16:00:03.423,2026-03-02 17:39:07.464
2028,1,true,3,2026-03-03 11:24:20.678,2026-03-03 11:50:24.185
2029,2,true,1,2026-03-03 12:03:33.182,2026-03-03 14:43:08.039
2030,3,true,1,2026-03-03 17:37:06.373,2026-03-03 17:51:40.308
2031,1,true,1,2026-03-04 11:25:09.784,2026-03-04 11:41:03.100
2034,2,true,3,2026-03-04 13:26:02.780,2026-03-04 14:51:51.368
2036,3,true,2,2026-03-04 17:12:24.733,2026-03-04 17:40:06.781
2037,1,true,1,2026-03-05 11:14:17.453,2026-03-05 11:42:23.036
2038,2,true,1,2026-03-05 14:05:21.637,2026-03-05 14:42:11.578
2039,3,true,1,2026-03-05 15:09:20.481,2026-03-05 17:48:00.001
2042,1,true,3,2026-03-06 10:16:45.653,2026-03-06 11:44:13.440
2045,2,true,3,2026-03-06 12:30:26.775,2026-03-06 14:49:22.472
2048,3,true,3,2026-03-06 16:37:38.889,2026-03-06 17:54:01.208
2049,1,true,1,2026-03-09 10:56:49.363,2026-03-09 11:48:46.395
2052,2,true,3,2026-03-09 12:44:55.953,2026-03-09 14:42:46.450
2055,3,true,3,2026-03-09 16:50:28.580,2026-03-09 17:48:12.066
2058,1,true,3,2026-03-10 11:17:33.823,2026-03-10 11:49:51.456
2059,2,true,1,2026-03-10 14:03:41.470,2026-03-10 14:52:45.935
2061,3,true,2,2026-03-10 16:46:05.675,2026-03-10 17:36:10.643
2062,1,true,1,2026-03-11 10:08:22.877,2026-03-11 11:43:44.684
2065,2,true,3,2026-03-11 14:37:06.839,2026-03-11 14:45:17.262
2066,3,true,1,2026-03-11 15:46:10.314,2026-03-11 17:50:54.485
2069,1,true,3,2026-03-12 10:09:39.335,2026-03-12 11:38:35.222
2071,2,true,2,2026-03-12 13:10:01.843,2026-03-12 14:46:57.942
2073,3,true,2,2026-03-12 15:15:07.180,2026-03-12 17:39:16.334
2076,1,true,3,2026-03-13 11:43:15.315,2026-03-13 11:53:41.564
2079,2,true,3,2026-03-13 12:05:26.784,2026-03-13 14:47:44.611
2080,3,true,1,2026-03-13 17:11:13.607,2026-03-13 17:40:32.163
2081,1,true,1,2026-03-16 11:10:42.828,2026-03-16 11:39:38.984
2084,2,true,3,2026-03-16 14:04:09.302,2026-03-16 14:47:36.240
2087,3,true,3,2026-03-16 16:43:54.479,2026-03-16 17:47:30.102
2090,1,true,3,2026-03-17 11:10:11.453,2026-03-17 11:45:54.548
2093,2,true,3,2026-03-17 14:04:56.476,2026-03-17 14:52:46.558
2096,3,true,3,2026-03-17 16:19:41.115,2026-03-17 17:45:56.189
2098,1,true,2,2026-03-18 09:17:45.019,2026-03-18 11:42:02.806
2101,2,true,3,2026-03-18 12:10:10.262,2026-03-18 14:39:03.032
2103,3,true,2,2026-03-18 17:02:09.103,2026-03-18 17:53:00.400
2104,1,true,1,2026-03-19 10:45:30.847,2026-03-19 11:42:51.692
2105,2,true,1,2026-03-19 13:10:29.885,2026-03-19 14:48:31.281
2107,3,true,2,2026-03-19 16:39:50.712,2026-03-19 17:51:52.176
2110,1,true,3,2026-03-20 09:36:59.299,2026-03-20 11:35:33.551
2111,2,true,1,2026-03-20 12:20:18.816,2026-03-20 14:35:05.679
2114,3,true,3,2026-03-20 17:02:22.815,2026-03-20 17:38:59.000
2116,1,true,2,2026-03-23 10:55:34.421,2026-03-23 11:41:39.324
2118,2,true,2,2026-03-23 14:31:37.693,2026-03-23 14:36:34.586
2119,3,true,1,2026-03-23 16:58:08.893,2026-03-23 17:36:01.356
2122,1,true,3,2026-03-24 10:52:55.932,2026-03-24 11:35:13.749
2125,2,true,3,2026-03-24 12:08:00.749,2026-03-24 14:38:04.502
2128,3,true,3,2026-03-24 15:26:54.655,2026-03-24 17:41:14.355
2131,1,true,3,2026-03-25 09:42:41.896,2026-03-25 11:37:56.551
2134,2,true,3,2026-03-25 12:47:16.074,2026-03-25 14:46:18.911
2136,3,true,2,2026-03-25 15:44:55.383,2026-03-25 17:38:56.852
2138,1,true,2,2026-03-26 09:32:19.918,2026-03-26 11:50:44.310
2141,2,true,3,2026-03-26 14:00:14.510,2026-03-26 14:50:15.556
2144,3,true,3,2026-03-26 17:37:20.677,2026-03-26 17:48:13.311
2146,1,true,2,2026-03-27 10:57:32.154,2026-03-27 11:52:38.883
2149,2,true,3,2026-03-27 12:30:56.684,2026-03-27 14:42:32.708
2152,3,true,3,2026-03-27 15:59:56.443,2026-03-27 17:47:25.033
2155,1,true,3,2026-03-30 11:08:47.792,2026-03-30 11:53:39.261
2158,2,true,3,2026-03-30 13:54:13.107,2026-03-30 14:45:27.459
2159,3,true,1,2026-03-30 15:32:27.891,2026-03-30 17:48:40.409
2160,1,true,1,2026-03-31 10:19:06.912,2026-03-31 11:38:34.897
2163,2,true,3,2026-03-31 14:06:40.037,2026-03-31 14:36:26.373
2164,3,true,1,2026-03-31 15:25:38.511,2026-03-31 17:45:10.011
2167,1,true,3,2026-01-01 11:32:24.904,2026-01-01 11:50:37.534
2169,2,true,2,2026-01-01 13:32:06.908,2026-01-01 14:42:16.557
2171,3,true,2,2026-01-01 16:37:50.204,2026-01-01 17:48:11.993
2173,1,true,2,2026-01-02 10:13:42.381,2026-01-02 11:50:33.704
2175,2,true,2,2026-01-02 13:16:24.713,2026-01-02 14:46:46.212
2178,3,true,3,2026-01-02 16:18:48.841,2026-01-02 17:36:21.784
2179,1,true,1,2026-01-05 10:31:04.182,2026-01-05 11:41:12.243
2180,2,true,1,2026-01-05 12:44:00.097,2026-01-05 14:35:58.692
2181,3,true,1,2026-01-05 15:39:23.560,2026-01-05 17:42:00.264
2182,1,true,1,2026-01-06 10:05:44.242,2026-01-06 11:44:53.440
2185,2,true,3,2026-01-06 12:41:54.948,2026-01-06 14:39:56.790
2188,3,true,3,2026-01-06 15:12:56.843,2026-01-06 17:41:27.680
2191,1,true,3,2026-01-07 09:33:48.328,2026-01-07 11:44:11.490
2194,2,true,3,2026-01-07 14:18:15.781,2026-01-07 14:44:42.843
2197,3,true,3,2026-01-07 15:11:14.565,2026-01-07 17:42:06.393
2198,1,true,1,2026-01-08 09:10:00.477,2026-01-08 11:46:58.577
2200,2,true,2,2026-01-08 13:49:10.746,2026-01-08 14:40:03.964
2203,3,true,3,2026-01-08 15:15:01.952,2026-01-08 17:41:56.363
2206,1,true,3,2026-01-09 09:49:48.268,2026-01-09 11:47:59.627
2209,2,true,3,2026-01-09 13:50:43.051,2026-01-09 14:40:25.052
2210,3,true,1,2026-01-09 16:49:04.766,2026-01-09 17:53:04.577
2213,1,true,3,2026-01-12 11:02:40.519,2026-01-12 11:43:45.283
2216,2,true,3,2026-01-12 14:15:47.182,2026-01-12 14:43:39.711
2219,3,true,3,2026-01-12 15:49:33.103,2026-01-12 17:36:22.064
2221,1,true,2,2026-01-13 10:54:17.113,2026-01-13 11:53:07.675
2222,2,true,1,2026-01-13 13:14:38.284,2026-01-13 14:37:46.495
2225,3,true,3,2026-01-13 17:15:35.990,2026-01-13 17:35:12.359
2226,1,true,1,2026-01-14 09:14:33.079,2026-01-14 11:40:50.215
2227,2,true,1,2026-01-14 14:10:21.870,2026-01-14 14:39:26.859
2228,3,true,1,2026-01-14 16:32:54.648,2026-01-14 17:37:58.313
2231,1,true,3,2026-01-15 10:10:28.732,2026-01-15 11:42:41.963
2234,2,true,3,2026-01-15 13:32:49.684,2026-01-15 14:42:37.452
2237,3,true,3,2026-01-15 16:02:47.605,2026-01-15 17:36:00.853
2240,1,true,3,2026-01-16 11:10:58.105,2026-01-16 11:49:31.795
2243,2,true,3,2026-01-16 12:56:42.383,2026-01-16 14:37:02.160
2246,3,true,3,2026-01-16 17:05:24.228,2026-01-16 17:47:02.438
2247,1,true,1,2026-01-19 10:37:12.213,2026-01-19 11:36:15.086
2250,2,true,3,2026-01-19 13:35:53.016,2026-01-19 14:46:54.394
2251,3,true,1,2026-01-19 15:24:24.166,2026-01-19 17:44:04.641
2254,1,true,3,2026-01-20 10:25:19.493,2026-01-20 11:37:07.982
2257,2,true,3,2026-01-20 12:28:14.946,2026-01-20 14:44:26.207
2259,3,true,2,2026-01-20 16:21:02.475,2026-01-20 17:36:34.713
2260,1,true,1,2026-01-21 11:34:32.836,2026-01-21 11:47:16.214
2263,2,true,3,2026-01-21 14:25:34.011,2026-01-21 14:39:30.709
2266,3,true,3,2026-01-21 17:12:22.653,2026-01-21 17:44:38.738
2267,1,true,1,2026-01-22 10:14:44.938,2026-01-22 11:44:34.137
2269,2,true,2,2026-01-22 12:18:28.832,2026-01-22 14:46:02.804
2270,3,true,1,2026-01-22 17:03:15.680,2026-01-22 17:40:53.201
2272,1,true,2,2026-01-23 11:17:10.819,2026-01-23 11:42:01.270
2273,2,true,1,2026-01-23 14:07:53.125,2026-01-23 14:45:09.147
2274,3,true,1,2026-01-23 16:47:13.968,2026-01-23 17:37:42.933
2277,1,true,3,2026-01-26 10:38:08.125,2026-01-26 11:39:45.914
2280,2,true,3,2026-01-26 13:37:39.846,2026-01-26 14:39:28.346
2283,3,true,3,2026-01-26 16:21:10.616,2026-01-26 17:48:17.671
2286,1,true,3,2026-01-27 09:13:28.320,2026-01-27 11:40:17.805
2288,2,true,2,2026-01-27 13:01:08.618,2026-01-27 14:41:23.056
2290,3,true,2,2026-01-27 16:38:11.919,2026-01-27 17:42:08.111
2293,1,true,3,2026-01-28 09:28:28.233,2026-01-28 11:37:58.956
2295,2,true,2,2026-01-28 12:56:54.733,2026-01-28 14:53:34.439
2298,3,true,3,2026-01-28 16:21:11.033,2026-01-28 17:36:58.449
2299,1,true,1,2026-01-29 11:32:28.251,2026-01-29 11:46:44.720
2302,2,true,3,2026-01-29 13:48:47.488,2026-01-29 14:49:13.755
2305,3,true,3,2026-01-29 15:20:04.234,2026-01-29 17:38:23.365
2308,1,true,3,2026-01-30 10:35:28.275,2026-01-30 11:52:39.667
2310,2,true,2,2026-01-30 13:10:29.742,2026-01-30 14:53:40.060
2311,3,true,1,2026-01-30 16:37:21.622,2026-01-30 17:42:30.536
2313,1,true,2,2026-02-02 09:42:04.698,2026-02-02 11:54:01.870
2314,2,true,1,2026-02-02 14:28:28.318,2026-02-02 14:52:58.407
2317,3,true,3,2026-02-02 15:14:27.428,2026-02-02 17:36:02.204
2320,1,true,3,2026-02-03 10:52:32.372,2026-02-03 11:54:53.899
2323,2,true,3,2026-02-03 12:23:49.600,2026-02-03 14:53:56.991
2326,3,true,3,2026-02-03 17:00:34.444,2026-02-03 17:52:59.243
2327,1,true,1,2026-02-04 10:25:20.352,2026-02-04 11:51:11.416
2330,2,true,3,2026-02-04 13:33:37.208,2026-02-04 14:49:37.251
2331,3,true,1,2026-02-04 15:12:41.291,2026-02-04 17:41:13.177
2334,1,true,3,2026-02-05 09:11:14.909,2026-02-05 11:47:50.713
2337,2,true,3,2026-02-05 13:51:11.889,2026-02-05 14:38:18.827
2340,3,true,3,2026-02-05 16:44:08.921,2026-02-05 17:48:23.906
2343,1,true,3,2026-02-06 10:38:08.518,2026-02-06 11:48:47.644
2345,2,true,2,2026-02-06 14:22:27.843,2026-02-06 14:37:45.669
2346,3,true,1,2026-02-06 17:22:22.481,2026-02-06 17:40:31.114
2348,1,true,2,2026-02-09 09:17:25.547,2026-02-09 11:39:19.465
2351,2,true,3,2026-02-09 13:25:06.444,2026-02-09 14:41:39.004
2353,3,true,2,2026-02-09 16:37:01.554,2026-02-09 17:37:32.839
2354,1,true,1,2026-02-10 10:21:47.854,2026-02-10 11:35:35.257
2355,2,true,1,2026-02-10 14:24:46.029,2026-02-10 14:52:31.967
2358,3,true,3,2026-02-10 15:43:16.349,2026-02-10 17:40:56.296
2361,1,true,3,2026-02-11 10:06:01.494,2026-02-11 11:53:13.656
2362,2,true,1,2026-02-11 13:30:47.272,2026-02-11 14:45:44.372
2363,3,true,1,2026-02-11 16:43:06.402,2026-02-11 17:51:55.255
2366,1,true,3,2026-02-12 11:19:05.560,2026-02-12 11:40:18.619
2368,2,true,2,2026-02-12 12:57:36.919,2026-02-12 14:50:09.103
2371,3,true,3,2026-02-12 16:03:18.890,2026-02-12 17:46:39.323
2373,1,true,2,2026-02-13 09:17:19.898,2026-02-13 11:44:28.565
2376,2,true,3,2026-02-13 12:19:27.915,2026-02-13 14:36:06.221
2379,3,true,3,2026-02-13 16:00:13.778,2026-02-13 17:35:22.004
2382,1,true,3,2026-02-16 11:00:57.988,2026-02-16 11:49:16.010
2385,2,true,3,2026-02-16 13:20:20.751,2026-02-16 14:52:21.682
2386,3,true,1,2026-02-16 15:32:22.706,2026-02-16 17:39:20.265
2389,1,true,3,2026-02-17 10:09:55.201,2026-02-17 11:48:53.569
2392,2,true,3,2026-02-17 13:41:14.085,2026-02-17 14:35:57.117
2395,3,true,3,2026-02-17 16:36:25.167,2026-02-17 17:35:53.710
2396,1,true,1,2026-02-18 11:38:53.246,2026-02-18 11:51:28.891
2399,2,true,3,2026-02-18 13:11:34.173,2026-02-18 14:37:23.348
2402,3,true,3,2026-02-18 16:31:29.523,2026-02-18 17:45:01.277
2405,1,true,3,2026-02-19 10:49:23.144,2026-02-19 11:37:33.700
2408,2,true,3,2026-02-19 12:31:37.147,2026-02-19 14:47:40.351
2411,3,true,3,2026-02-19 16:18:50.579,2026-02-19 17:49:22.191
2412,1,true,1,2026-02-20 11:19:12.299,2026-02-20 11:37:00.584
2415,2,true,3,2026-02-20 14:12:18.756,2026-02-20 14:54:23.209
2418,3,true,3,2026-02-20 15:43:37.063,2026-02-20 17:36:49.882
2419,1,true,1,2026-02-23 10:12:22.541,2026-02-23 11:47:02.933
2420,2,true,1,2026-02-23 14:24:58.833,2026-02-23 14:41:56.194
2423,3,true,3,2026-02-23 16:18:14.494,2026-02-23 17:47:14.079
2425,1,true,2,2026-02-24 11:16:20.950,2026-02-24 11:37:37.237
2426,2,true,1,2026-02-24 13:08:25.546,2026-02-24 14:47:27.963
2427,3,true,1,2026-02-24 17:24:27.500,2026-02-24 17:47:28.179
2429,1,true,2,2026-02-25 09:25:23.658,2026-02-25 11:52:37.820
2432,2,true,3,2026-02-25 14:10:44.193,2026-02-25 14:49:01.178
2435,3,true,3,2026-02-25 16:45:05.203,2026-02-25 17:42:11.947
2438,1,true,3,2026-02-26 11:18:12.675,2026-02-26 11:49:29.863
2440,2,true,2,2026-02-26 14:29:27.869,2026-02-26 14:50:10.716
2443,3,true,3,2026-02-26 15:49:57.940,2026-02-26 17:52:04.211
2446,1,true,3,2026-02-27 10:45:40.515,2026-02-27 11:46:39.763
2447,2,true,1,2026-02-27 12:30:38.067,2026-02-27 14:46:21.876
2450,3,true,3,2026-02-27 16:36:44.115,2026-02-27 17:52:19.987
2451,1,true,1,2026-03-02 10:45:04.379,2026-03-02 11:50:31.652
2454,2,true,3,2026-03-02 12:24:10.826,2026-03-02 14:51:18.848
2457,3,true,3,2026-03-02 17:26:12.829,2026-03-02 17:40:10.481
2460,1,true,3,2026-03-03 09:54:44.890,2026-03-03 11:45:31.153
2463,2,true,3,2026-03-03 12:28:44.244,2026-03-03 14:38:49.405
2466,3,true,3,2026-03-03 16:56:07.996,2026-03-03 17:52:08.950
2469,1,true,3,2026-03-04 10:15:36.244,2026-03-04 11:41:40.811
2472,2,true,3,2026-03-04 14:21:24.031,2026-03-04 14:49:27.968
2475,3,true,3,2026-03-04 16:42:42.206,2026-03-04 17:52:41.381
2478,1,true,3,2026-03-05 10:37:30.354,2026-03-05 11:54:04.463
2479,2,true,1,2026-03-05 12:17:53.486,2026-03-05 14:35:32.532
2481,3,true,2,2026-03-05 16:03:14.153,2026-03-05 17:45:53.266
2482,1,true,1,2026-03-06 11:13:45.379,2026-03-06 11:47:54.966
2483,2,true,1,2026-03-06 14:34:42.408,2026-03-06 14:45:00.057
2484,3,true,1,2026-03-06 16:51:18.025,2026-03-06 17:40:57.562
2487,1,true,3,2026-03-09 10:36:17.165,2026-03-09 11:51:05.530
2489,2,true,2,2026-03-09 13:53:30.780,2026-03-09 14:48:36.505
2492,3,true,3,2026-03-09 17:06:54.409,2026-03-09 17:54:29.225
2495,1,true,3,2026-03-10 09:20:49.028,2026-03-10 11:46:11.595
2498,2,true,3,2026-03-10 13:02:02.851,2026-03-10 14:50:09.842
2501,3,true,3,2026-03-10 17:07:26.852,2026-03-10 17:36:43.891
2504,1,true,3,2026-03-11 09:07:44.231,2026-03-11 11:45:30.926
2507,2,true,3,2026-03-11 13:06:38.622,2026-03-11 14:35:27.694
2509,3,true,2,2026-03-11 17:28:19.338,2026-03-11 17:44:32.833
2512,1,true,3,2026-03-12 09:45:59.762,2026-03-12 11:50:53.312
2515,2,true,3,2026-03-12 12:42:34.741,2026-03-12 14:38:29.522
2518,3,true,3,2026-03-12 16:40:47.581,2026-03-12 17:48:42.676
2521,1,true,3,2026-03-13 10:24:42.064,2026-03-13 11:48:35.330
2522,2,true,1,2026-03-13 12:07:18.051,2026-03-13 14:41:19.586
2523,3,true,1,2026-03-13 15:06:14.721,2026-03-13 17:49:52.655
2524,1,true,1,2026-03-16 09:41:26.223,2026-03-16 11:37:34.736
2525,2,true,1,2026-03-16 12:12:24.810,2026-03-16 14:47:54.482
2528,3,true,3,2026-03-16 16:50:58.587,2026-03-16 17:35:24.246
2531,1,true,3,2026-03-17 10:11:23.666,2026-03-17 11:54:27.080
2533,2,true,2,2026-03-17 14:19:58.056,2026-03-17 14:48:05.946
2536,3,true,3,2026-03-17 17:19:10.146,2026-03-17 17:53:57.559
2539,1,true,3,2026-03-18 10:03:39.429,2026-03-18 11:43:46.343
2540,2,true,1,2026-03-18 12:28:36.846,2026-03-18 14:41:37.238
2542,3,true,2,2026-03-18 17:36:21.161,2026-03-18 17:44:13.741
2545,1,true,3,2026-03-19 10:51:35.794,2026-03-19 11:47:56.913
2548,2,true,3,2026-03-19 12:20:35.270,2026-03-19 14:45:40.395
2551,3,true,3,2026-03-19 16:23:51.485,2026-03-19 17:44:22.112
2554,1,true,3,2026-03-20 11:00:00.252,2026-03-20 11:51:52.965
2557,2,true,3,2026-03-20 12:04:07.155,2026-03-20 14:37:49.034
2559,3,true,2,2026-03-20 15:50:10.694,2026-03-20 17:44:41.622
2560,1,true,1,2026-03-23 11:23:46.967,2026-03-23 11:37:32.974
2561,2,true,1,2026-03-23 12:41:25.911,2026-03-23 14:37:33.142
2564,3,true,3,2026-03-23 16:15:14.649,2026-03-23 17:53:41.421
2566,1,true,2,2026-03-24 09:48:14.186,2026-03-24 11:53:35.633
2569,2,true,3,2026-03-24 12:34:39.377,2026-03-24 14:38:52.461
2570,3,true,1,2026-03-24 16:46:42.212,2026-03-24 17:38:59.799
2572,1,true,2,2026-03-25 11:02:39.341,2026-03-25 11:48:03.031
2574,2,true,2,2026-03-25 12:52:07.404,2026-03-25 14:35:02.600
2576,3,true,2,2026-03-25 16:14:12.830,2026-03-25 17:50:06.327
2579,1,true,3,2026-03-26 09:43:29.647,2026-03-26 11:51:41.998
2580,2,true,1,2026-03-26 12:27:50.298,2026-03-26 14:42:10.628
2583,3,true,3,2026-03-26 17:34:40.780,2026-03-26 17:40:14.779
2584,1,true,1,2026-03-27 11:06:13.025,2026-03-27 11:38:39.100
2586,2,true,2,2026-03-27 13:03:54.215,2026-03-27 14:45:14.889
2587,3,true,1,2026-03-27 16:55:44.653,2026-03-27 17:41:56.905
2588,1,true,1,2026-03-30 11:21:34.602,2026-03-30 11:43:54.648
2591,2,true,3,2026-03-30 12:20:04.364,2026-03-30 14:41:18.650
2594,3,true,3,2026-03-30 15:59:40.586,2026-03-30 17:40:49.559
2597,1,true,3,2026-03-31 09:32:35.889,2026-03-31 11:53:07.667
2600,2,true,3,2026-03-31 13:23:36.124,2026-03-31 14:47:17.233
2603,3,true,3,2026-03-31 16:53:21.203,2026-03-31 17:38:09.125
2604,1,true,1,2026-01-01 09:29:56.624,2026-01-01 11:36:49.296
2606,2,true,2,2026-01-01 14:48:13.747,2026-01-01 14:53:34.093
2609,3,true,3,2026-01-01 16:38:15.601,2026-01-01 17:53:18.426
2612,1,true,3,2026-01-02 10:28:50.875,2026-01-02 11:47:37.502
2613,2,true,1,2026-01-02 13:59:43.962,2026-01-02 14:42:29.563
2616,3,true,3,2026-01-02 16:14:13.402,2026-01-02 17:52:47.928
2618,1,true,2,2026-01-05 10:57:20.602,2026-01-05 11:48:04.294
2619,2,true,1,2026-01-05 13:07:00.423,2026-01-05 14:39:43.816
2622,3,true,3,2026-01-05 17:15:38.923,2026-01-05 17:41:01.248
2625,1,true,3,2026-01-06 10:21:04.943,2026-01-06 11:47:11.292
2628,2,true,3,2026-01-06 12:24:33.217,2026-01-06 14:42:33.279
2631,3,true,3,2026-01-06 15:24:32.432,2026-01-06 17:48:10.758
2632,1,true,1,2026-01-07 10:16:56.858,2026-01-07 11:52:41.375
2635,2,true,3,2026-01-07 12:38:05.312,2026-01-07 14:48:21.387
2638,3,true,3,2026-01-07 17:27:10.857,2026-01-07 17:43:23.721
2641,1,true,3,2026-01-08 11:15:20.758,2026-01-08 11:44:19.669
2644,2,true,3,2026-01-08 12:53:40.093,2026-01-08 14:41:14.949
2647,3,true,3,2026-01-08 15:56:09.425,2026-01-08 17:45:34.830
2649,1,true,2,2026-01-09 09:59:46.545,2026-01-09 11:50:56.266
2650,2,true,1,2026-01-09 12:30:55.362,2026-01-09 14:41:55.308
2653,3,true,3,2026-01-09 16:41:52.001,2026-01-09 17:38:40.323
2656,1,true,3,2026-01-12 10:29:38.137,2026-01-12 11:43:35.499
2659,2,true,3,2026-01-12 12:20:41.390,2026-01-12 14:36:52.470
2661,3,true,2,2026-01-12 15:17:46.054,2026-01-12 17:38:07.363
2664,1,true,3,2026-01-13 09:16:27.910,2026-01-13 11:52:16.248
2667,2,true,3,2026-01-13 14:27:58.936,2026-01-13 14:42:33.824
2668,3,true,1,2026-01-13 17:15:10.974,2026-01-13 17:46:07.342
2670,1,true,2,2026-01-14 09:35:12.843,2026-01-14 11:40:42.719
2673,2,true,3,2026-01-14 14:00:09.501,2026-01-14 14:41:08.194
2676,3,true,3,2026-01-14 15:19:36.538,2026-01-14 17:40:11.896
2679,1,true,3,2026-01-15 09:37:25.762,2026-01-15 11:39:10.503
2682,2,true,3,2026-01-15 14:15:58.503,2026-01-15 14:49:25.461
2685,3,true,3,2026-01-15 17:19:46.160,2026-01-15 17:54:43.852
2688,1,true,3,2026-01-16 10:04:42.353,2026-01-16 11:41:56.058
2691,2,true,3,2026-01-16 13:48:09.696,2026-01-16 14:49:20.049
2694,3,true,3,2026-01-16 15:40:45.650,2026-01-16 17:51:50.261
2695,1,true,1,2026-01-19 10:24:00.175,2026-01-19 11:50:57.797
2698,2,true,3,2026-01-19 12:35:19.828,2026-01-19 14:39:59.613
2701,3,true,3,2026-01-19 16:34:32.287,2026-01-19 17:43:52.524
2703,1,true,2,2026-01-20 09:16:43.245,2026-01-20 11:35:13.010
2706,2,true,3,2026-01-20 14:28:45.976,2026-01-20 14:52:24.828
2709,3,true,3,2026-01-20 15:04:24.292,2026-01-20 17:52:27.331
2712,1,true,3,2026-01-21 10:59:28.396,2026-01-21 11:38:06.978
2714,2,true,2,2026-01-21 14:26:57.606,2026-01-21 14:47:31.307
2717,3,true,3,2026-01-21 16:10:28.538,2026-01-21 17:45:25.802
2720,1,true,3,2026-01-22 10:45:16.015,2026-01-22 11:49:32.421
2723,2,true,3,2026-01-22 13:46:38.792,2026-01-22 14:41:27.582
2726,3,true,3,2026-01-22 15:09:54.890,2026-01-22 17:48:13.471
2728,1,true,2,2026-01-23 11:21:02.109,2026-01-23 11:46:45.705
2730,2,true,2,2026-01-23 12:10:47.887,2026-01-23 14:54:45.631
2733,3,true,3,2026-01-23 16:42:43.354,2026-01-23 17:50:45.510
2735,1,true,2,2026-01-26 10:18:33.316,2026-01-26 11:35:13.970
2738,2,true,3,2026-01-26 12:11:59.328,2026-01-26 14:52:38.819
2741,3,true,3,2026-01-26 16:49:34.445,2026-01-26 17:36:23.604
2744,1,true,3,2026-01-27 11:11:45.652,2026-01-27 11:43:35.675
2745,2,true,1,2026-01-27 13:45:01.635,2026-01-27 14:37:28.115
2748,3,true,3,2026-01-27 16:10:58.476,2026-01-27 17:53:50.058
2749,1,true,1,2026-01-28 11:08:17.678,2026-01-28 11:46:40.525
2752,2,true,3,2026-01-28 13:55:37.380,2026-01-28 14:39:41.045
2755,3,true,3,2026-01-28 15:46:19.899,2026-01-28 17:44:41.099
2758,1,true,3,2026-01-29 09:22:39.217,2026-01-29 11:52:36.508
2761,2,true,3,2026-01-29 12:15:27.091,2026-01-29 14:54:56.760
2762,3,true,1,2026-01-29 15:14:42.253,2026-01-29 17:48:33.511
2764,1,true,2,2026-01-30 11:41:17.990,2026-01-30 11:47:41.061
2765,2,true,1,2026-01-30 12:29:03.417,2026-01-30 14:39:44.027
2768,3,true,3,2026-01-30 16:17:12.830,2026-01-30 17:45:01.580
2771,1,true,3,2026-02-02 09:12:50.088,2026-02-02 11:54:12.729
2774,2,true,3,2026-02-02 13:18:53.015,2026-02-02 14:44:39.717
2777,3,true,3,2026-02-02 17:10:01.276,2026-02-02 17:47:06.595
2780,1,true,3,2026-02-03 10:40:12.064,2026-02-03 11:52:12.303
2783,2,true,3,2026-02-03 14:25:00.745,2026-02-03 14:44:27.933
2784,3,true,1,2026-02-03 16:26:55.677,2026-02-03 17:39:23.804
2786,1,true,2,2026-02-04 11:29:20.665,2026-02-04 11:46:56.677
2788,2,true,2,2026-02-04 12:15:47.521,2026-02-04 14:50:58.393
2789,3,true,1,2026-02-04 16:28:55.580,2026-02-04 17:39:20.181
2792,1,true,3,2026-02-05 11:22:24.680,2026-02-05 11:44:29.849
2794,2,true,2,2026-02-05 13:47:35.124,2026-02-05 14:36:00.986
2795,3,true,1,2026-02-05 16:44:18.500,2026-02-05 17:38:39.901
2796,1,true,1,2026-02-06 10:48:16.567,2026-02-06 11:41:35.524
2797,2,true,1,2026-02-06 12:28:36.029,2026-02-06 14:40:28.405
2800,3,true,3,2026-02-06 15:55:09.679,2026-02-06 17:36:24.679
2802,1,true,2,2026-02-09 11:37:56.155,2026-02-09 11:49:58.117
2805,2,true,3,2026-02-09 13:44:07.188,2026-02-09 14:45:44.541
2808,3,true,3,2026-02-09 15:11:29.082,2026-02-09 17:49:12.598
2811,1,true,3,2026-02-10 11:20:58.089,2026-02-10 11:39:31.494
2814,2,true,3,2026-02-10 13:19:44.498,2026-02-10 14:43:55.210
2817,3,true,3,2026-02-10 15:34:35.365,2026-02-10 17:44:40.018
2819,1,true,2,2026-02-11 09:42:49.869,2026-02-11 11:40:46.007
2821,2,true,2,2026-02-11 12:45:38.162,2026-02-11 14:45:24.323
2824,3,true,3,2026-02-11 16:03:53.490,2026-02-11 17:35:39.587
2825,1,true,1,2026-02-12 10:05:30.990,2026-02-12 11:43:47.090
2827,2,true,2,2026-02-12 14:16:10.431,2026-02-12 14:37:35.744
2830,3,true,3,2026-02-12 16:10:01.565,2026-02-12 17:45:09.967
2831,1,true,1,2026-02-13 11:10:40.491,2026-02-13 11:40:45.012
2832,2,true,1,2026-02-13 12:57:20.168,2026-02-13 14:44:47.769
2835,3,true,3,2026-02-13 15:09:58.932,2026-02-13 17:38:02.809
2838,1,true,3,2026-02-16 10:52:49.007,2026-02-16 11:46:02.775
2841,2,true,3,2026-02-16 14:26:25.460,2026-02-16 14:53:29.956
2842,3,true,1,2026-02-16 17:27:12.736,2026-02-16 17:53:17.957
2843,1,true,1,2026-02-17 11:22:03.755,2026-02-17 11:47:24.679
2846,2,true,3,2026-02-17 12:40:46.057,2026-02-17 14:50:58.709
2849,3,true,3,2026-02-17 16:07:41.652,2026-02-17 17:39:12.859
2852,1,true,3,2026-02-18 09:25:38.868,2026-02-18 11:36:17.240
2855,2,true,3,2026-02-18 13:58:54.832,2026-02-18 14:42:00.960
2856,3,true,1,2026-02-18 16:21:15.376,2026-02-18 17:47:46.299
2858,1,true,2,2026-02-19 09:14:40.484,2026-02-19 11:45:09.507
2861,2,true,3,2026-02-19 13:55:36.721,2026-02-19 14:43:20.707
2864,3,true,3,2026-02-19 16:48:46.844,2026-02-19 17:43:08.963
2866,1,true,2,2026-02-20 11:22:18.856,2026-02-20 11:48:56.542
2868,2,true,2,2026-02-20 13:19:08.726,2026-02-20 14:53:11.252
2871,3,true,3,2026-02-20 16:37:56.669,2026-02-20 17:40:46.208
2874,1,true,3,2026-02-23 10:47:01.567,2026-02-23 11:51:53.712
2877,2,true,3,2026-02-23 12:22:01.001,2026-02-23 14:39:34.069
2880,3,true,3,2026-02-23 15:21:16.147,2026-02-23 17:39:48.094
2881,1,true,1,2026-02-24 09:07:29.735,2026-02-24 11:54:05.438
2883,2,true,2,2026-02-24 13:21:14.725,2026-02-24 14:45:12.103
2886,3,true,3,2026-02-24 17:00:40.553,2026-02-24 17:45:44.422
2888,1,true,2,2026-02-25 09:43:46.158,2026-02-25 11:47:17.621
2891,2,true,3,2026-02-25 13:43:43.669,2026-02-25 14:49:38.518
2894,3,true,3,2026-02-25 17:09:17.325,2026-02-25 17:53:09.494
2895,1,true,1,2026-02-26 11:16:31.276,2026-02-26 11:42:30.271
2897,2,true,2,2026-02-26 14:04:34.915,2026-02-26 14:54:06.157
2899,3,true,2,2026-02-26 16:39:51.050,2026-02-26 17:46:53.604
2902,1,true,3,2026-02-27 09:26:16.850,2026-02-27 11:49:35.699
2903,2,true,1,2026-02-27 12:35:57.683,2026-02-27 14:42:25.813
2905,3,true,2,2026-02-27 16:08:22.224,2026-02-27 17:37:12.386
2908,1,true,3,2026-03-02 11:16:49.373,2026-03-02 11:38:34.226
2911,2,true,3,2026-03-02 13:02:45.103,2026-03-02 14:51:21.591
2912,3,true,1,2026-03-02 16:05:10.862,2026-03-02 17:48:28.102
2914,1,true,2,2026-03-03 09:43:48.082,2026-03-03 11:53:07.338
2916,2,true,2,2026-03-03 13:37:58.630,2026-03-03 14:43:07.143
2917,3,true,1,2026-03-03 17:14:54.929,2026-03-03 17:37:48.202
2920,1,true,3,2026-03-04 10:41:32.426,2026-03-04 11:46:04.858
2921,2,true,1,2026-03-04 12:39:06.927,2026-03-04 14:40:38.054
2922,3,true,1,2026-03-04 15:50:47.284,2026-03-04 17:46:39.476
2924,1,true,2,2026-03-05 11:18:12.453,2026-03-05 11:45:26.693
2926,2,true,2,2026-03-05 13:19:16.100,2026-03-05 14:36:05.187
2929,3,true,3,2026-03-05 16:44:24.061,2026-03-05 17:36:34.463
2932,1,true,3,2026-03-06 09:05:42.331,2026-03-06 11:44:34.589
2935,2,true,3,2026-03-06 12:34:00.676,2026-03-06 14:42:54.452
2938,3,true,3,2026-03-06 16:42:30.967,2026-03-06 17:38:08.336
2941,1,true,3,2026-03-09 09:59:43.211,2026-03-09 11:52:51.272
2944,2,true,3,2026-03-09 13:10:45.939,2026-03-09 14:40:13.074
2947,3,true,3,2026-03-09 15:52:20.639,2026-03-09 17:50:42.072
2949,1,true,2,2026-03-10 11:26:41.499,2026-03-10 11:40:31.432
2950,2,true,1,2026-03-10 14:04:00.985,2026-03-10 14:44:15.907
2951,3,true,1,2026-03-10 16:24:26.414,2026-03-10 17:46:19.942
2954,1,true,3,2026-03-11 09:49:20.229,2026-03-11 11:52:09.591
2957,2,true,3,2026-03-11 13:59:48.939,2026-03-11 14:43:13.017
2960,3,true,3,2026-03-11 16:01:35.260,2026-03-11 17:51:26.517
2961,1,true,1,2026-03-12 10:58:26.770,2026-03-12 11:47:15.139
2964,2,true,3,2026-03-12 13:17:12.069,2026-03-12 14:48:38.561
2967,3,true,3,2026-03-12 15:25:42.592,2026-03-12 17:52:19.936
2970,1,true,3,2026-03-13 11:17:20.833,2026-03-13 11:50:04.345
2972,2,true,2,2026-03-13 12:38:08.920,2026-03-13 14:41:34.131
2975,3,true,3,2026-03-13 17:03:59.897,2026-03-13 17:38:41.774
2977,1,true,2,2026-03-16 09:56:15.611,2026-03-16 11:51:39.510
2979,2,true,2,2026-03-16 12:40:50.730,2026-03-16 14:40:16.005
2982,3,true,3,2026-03-16 15:22:24.026,2026-03-16 17:53:04.758
2985,1,true,3,2026-03-17 09:32:23.244,2026-03-17 11:45:14.486
2988,2,true,3,2026-03-17 13:40:30.728,2026-03-17 14:40:24.388
2991,3,true,3,2026-03-17 16:20:06.200,2026-03-17 17:42:17.927
2994,1,true,3,2026-03-18 09:58:29.377,2026-03-18 11:47:24.944
2996,2,true,2,2026-03-18 13:18:02.055,2026-03-18 14:37:02.344
2997,3,true,1,2026-03-18 15:44:47.984,2026-03-18 17:53:53.215
3000,1,true,3,2026-03-19 10:58:10.865,2026-03-19 11:41:03.389
